code,date,close
1301,2026-10-06,4515.0
130A,2026-10-06,433.0
1332,2026-10-06,1101.0
1333,2026-10-06,1206.5
135A,2026-10-06,5290.0
1375,2026-10-06,1136.0
1376,2026-10-06,1522.0
1377,2026-10-06,4235.0
1379,2026-10-06,2008.0
137A,2026-10-06,699.0
1380,2026-10-05,1002.0
1381,2026-10-06,3560.0
1382,2026-10-06,740.0
1383,2026-10-06,3035.0
1384,2026-10-06,2085.0
138A,2026-10-06,3125.0
1401,2026-10-06,1468.0
1407,2026-10-06,2226.0
1414,2026-10-06,1218.5
1417,2026-10-06,3453.0
1418,2026-10-06,600.0
1419,2026-10-06,2843.0
141A,2026-10-06,3950.0
1420,2026-10-06,630.0
1429,2026-10-06,786.0
142A,2026-10-06,1007.0
1430,2026-10-06,1079.0
1431,2026-10-06,633.0
1433,2026-10-06,1221.0
1434,2026-10-06,1630.0
1435,2026-10-06,169.0
1436,2026-10-06,1858.0
1438,2026-10-05,2240.0
143A,2026-10-06,680.0
1443,2026-10-06,272.0
1444,2026-10-06,2851.0
1446,2026-10-06,538.0
1447,2026-10-06,318.0
1449,,
1450,2026-10-06,1500.0
145A,2026-10-06,875.0
146A,2026-10-06,3570.0
147A,2026-10-06,971.0
148A,2026-10-06,1863.0
1491,2026-10-06,702.0
149A,2026-10-06,808.0
150A,2026-10-06,755.0
1514,2026-10-06,621.0
1515,2026-10-06,3170.0
1518,2026-10-06,2234.0
151A,2026-10-06,622.0
153A,2026-10-06,2113.0
155A,2026-10-06,735.0
156A,2026-10-06,858.0
157A,2026-10-06,751.0
1605,2026-10-06,3710.0
160A,2026-10-06,1950.0
165A,,
1662,2026-10-06,1725.0
1663,2026-10-06,1891.0
166A,2026-10-06,971.0
167A,2026-10-06,3260.0
168A,2026-10-06,1055.0
1711,2026-10-06,236.0
1712,,
1716,2026-10-06,1326.0
1717,2026-10-06,921.0
1718,2026-10-06,2290.0
1719,2026-10-06,1750.0
1720,2026-10-06,1171.0
1721,2026-10-06,5550.0
1723,2026-10-06,2207.0
1724,2026-10-06,723.0
1726,,
1736,2026-10-06,2500.0
1738,,
173A,2026-10-06,1655.0
1757,,
1758,2026-10-06,2321.0
175A,2026-10-05,636.0
1762,2026-10-06,3925.0
1764,2026-10-06,2680.0
1766,2026-10-06,12860.0
1768,2026-10-06,1033.0
176A,,
1770,2026-10-06,2088.0
1771,,
1776,,
1777,,
177A,2026-10-06,827.0
1780,2026-10-06,1431.0
1783,2026-10-06,73.0
1786,2026-10-06,330.0
1787,2026-10-06,5750.0
1788,2026-10-06,4060.0
1793,2026-10-06,2013.0
1795,2026-10-06,5500.0
1798,2026-10-06,1092.0
1799,2026-10-06,3310.0
1801,2026-10-06,11970.0
1802,2026-10-06,2933.5
1803,2026-10-06,2084.5
1807,2026-10-05,1900.0
1808,2026-10-06,2568.5
1810,2026-10-06,1404.0
1811,2026-10-06,7320.0
1812,2026-10-06,4801.0
1813,2026-10-06,2830.0
1814,2026-10-06,3460.0
1815,2026-10-06,2211.0
1820,2026-10-06,5206.0
1821,,
1822,2026-10-06,797.0
1826,2026-10-06,1071.0
1827,2026-10-06,1373.0
1828,2026-10-06,2344.0
1832,,
1833,2026-10-06,5310.0
1835,2026-10-06,3775.0
1840,2026-10-06,259.0
1841,,
1844,2026-10-06,429.0
1847,2026-10-06,3355.0
1848,2026-10-06,876.0
184A,2026-10-06,328.0
1850,2026-10-06,433.0
1852,2026-10-06,850.0
1853,2026-10-06,323.0
1860,2026-10-06,1366.5
1861,2026-10-06,1224.0
1866,2026-10-06,1075.0
1867,2026-10-06,2747.0
1869,,
186A,2026-10-06,1230.0
1870,2026-10-06,2047.0
1871,2026-10-06,2047.0
1873,2026-10-06,310.0
1878,2026-10-06,3126.0
1879,2026-10-06,2183.0
1882,2026-10-06,1544.0
1884,,
1885,2026-10-06,2073.0
1887,2026-10-06,517.0
1888,2026-10-06,3560.0
1890,,
1892,,
1893,2026-10-06,1422.5
1897,2026-10-06,3680.0
1898,2026-10-06,1443.0
1899,2026-10-06,4710.0
189A,2026-10-06,1090.0
1904,2026-10-06,1225.0
1905,2026-10-05,1436.0
1909,,
190A,2026-10-06,60.0
1911,2026-10-06,1170.0
1914,2026-10-06,798.0
1921,2026-10-06,2017.0
1925,2026-10-06,2157.0
1926,2026-10-06,948.0
1928,2026-10-06,3315.0
1929,2026-10-06,1163.0
192A,2026-10-06,1317.0
1930,2026-10-06,1527.0
1934,2026-10-06,2503.0
1938,2026-10-06,2531.0
1939,2026-10-06,2204.0
1941,2026-10-06,5140.0
1942,2026-10-06,5528.0
1944,2026-10-06,6847.0
1945,2026-10-06,2118.0
1946,2026-10-06,2133.0
1948,2026-09-30,11450.0
1949,,
194A,2026-10-06,1704.0
1950,2026-10-06,3905.0
1951,2026-10-06,2547.0
1952,2026-10-06,3110.0
1959,2026-10-06,7952.0
195A,2026-10-06,678.0
1960,2026-10-06,1684.0
1961,2026-10-06,2622.0
1963,2026-10-06,2231.5
1964,2026-10-06,3825.0
1965,2026-10-06,2376.0
1966,2026-10-06,1716.0
1967,2026-10-06,2143.0
1968,2026-10-06,2439.0
1969,2026-10-06,4652.0
196A,2026-10-06,373.0
1972,2026-10-06,1266.0
1975,2026-10-06,3840.0
1976,2026-10-06,1692.0
1979,2026-10-06,3815.0
197A,2026-10-06,517.0
1980,2026-10-06,3030.0
1981,2026-10-06,1379.0
1982,2026-10-06,3190.0
198A,2026-10-06,160.0
1992,2026-10-05,2961.0
1994,2026-10-06,609.0
1997,2026-10-06,4305.0
1999,,
2001,2026-10-06,2773.0
2002,2026-10-06,1946.0
2003,2026-10-06,1855.0
2004,2026-10-06,3680.0
2009,2026-10-06,1123.0
202A,,
2053,2026-10-06,1959.0
2055,2026-10-06,346.0
2058,,
205A,2026-10-06,1615.0
2060,2026-10-06,1420.0
206A,2026-10-06,141.0
208A,2026-10-06,2851.0
2108,2026-10-06,1790.0
2109,2026-10-06,3780.0
2112,2026-10-06,445.0
2114,2026-10-06,632.0
2117,2026-10-06,2706.0
211A,2026-10-06,3115.0
2120,2026-10-06,232.0
2121,2026-10-06,3720.0
2122,2026-10-06,1319.0
2124,2026-10-06,1040.0
2127,2026-10-06,613.4000244140625
212A,2026-10-06,2742.0
2130,2026-10-06,697.0
2134,2026-10-06,19.0
2136,2026-10-06,1406.0
2137,,
2138,2026-10-06,410.0
2139,2026-10-06,500.0
2146,2026-10-06,240.0
2148,2026-10-06,1120.0
2152,2026-10-05,1481.0
2153,2026-10-06,1863.0
2154,2026-10-06,1974.0
2156,2026-10-06,275.0
2157,2026-10-06,978.0
2158,2026-10-06,711.0
215A,2026-10-06,1457.0
2160,2026-10-06,3620.0
2162,,
2163,2026-10-06,930.0
2164,2026-10-06,105.0
2168,2026-10-06,1491.0
2169,2026-10-06,1735.0
2170,2026-10-06,621.0
2172,,
2173,2026-10-06,784.0
2175,2026-10-06,2600.0
2179,2026-10-06,828.0
2180,,
2181,2026-10-06,278.79998779296875
2183,2026-10-06,204.0
2185,2026-10-06,1898.0
2186,2026-10-06,898.0
218A,2026-10-06,1048.0
2193,2026-10-06,124.0
2195,2026-10-06,372.0
2196,,
2198,2026-10-06,758.0
219A,2026-10-06,2827.0
2201,2026-10-06,2363.5
2204,2026-10-06,3025.0
2206,2026-10-06,5023.0
2207,2026-10-06,3310.0
2208,2026-10-06,3020.0
2209,2026-10-06,2270.0
220A,2026-10-06,930.0
2211,2026-10-06,2480.0
2212,2026-10-06,3542.0
2215,2026-10-06,613.0
2216,2026-10-06,1039.0
2217,2026-10-06,1456.0
2218,,
2220,2026-10-06,1230.0
2221,2026-10-06,3020.0
2222,2026-10-06,2443.0
2224,2026-10-06,3800.0
2226,2026-10-06,4725.0
2229,2026-10-06,3002.0
2264,2026-10-06,1050.5
2266,2026-10-06,1079.0
2267,2026-10-06,2727.0
2268,2026-10-06,4055.0
2269,2026-10-06,4122.0
2270,2026-10-06,3455.0
2281,2026-10-06,2271.0
2282,2026-10-06,1985.0
2286,2026-10-06,890.0
2288,2026-10-06,2121.0
228A,2026-10-06,1750.0
2291,2026-10-06,505.0
2292,2026-10-06,2653.0
2293,2026-10-06,2655.0
2294,2026-10-06,2459.0
2296,2026-10-06,4785.0
2300,2026-10-06,503.0
2301,2026-10-06,1702.0
2303,2026-10-06,1347.0
2304,2026-10-06,897.0
2305,2026-10-06,1804.0
2307,2026-10-06,1070.0
2311,2026-10-06,780.0
2315,2026-10-06,67.0
2317,2026-10-06,423.0
231A,,
2321,2026-10-06,140.0
2323,2026-10-06,355.0
2325,2026-10-06,4535.0
2326,2026-10-06,5360.0
2327,2026-10-06,3748.0
2329,2026-10-06,477.0
2330,2026-10-06,85.0
2331,2026-10-06,1162.0
2332,2026-10-06,1745.0
2334,2026-10-06,589.0
2335,2026-10-06,1016.0
2337,2026-10-06,390.0
2338,2026-10-06,108.0
2340,2026-10-06,508.0
2341,2026-10-06,178.0
2342,2026-10-06,241.0
2344,,
2345,2026-10-06,96.0
2349,2026-10-05,2446.0
2351,2026-10-06,326.0
2353,2026-10-06,257.0
2354,2026-10-06,1185.0
2359,2026-10-06,2017.0
2370,2026-10-06,24.0
2371,2026-10-06,3796.0
2373,2026-10-06,437.0
2374,,
2375,2026-10-06,210.0
2376,2026-10-06,776.0
2378,2026-10-06,974.0
2379,2026-10-06,1771.0
2384,2026-10-06,5170.0
2385,2026-10-06,220.0
2388,2026-10-06,13.0
2391,2026-10-06,1170.0
2393,2026-10-06,4375.0
2395,2026-10-06,1410.0
2404,2026-10-06,531.0
2408,2026-10-06,827.0
2410,2026-10-06,2540.0
2411,2026-10-06,463.0
2413,2026-10-06,1802.0
2415,2026-10-06,1612.0
2418,2026-10-06,578.0
241A,2026-10-06,460.0
2424,2026-10-06,625.0
2425,2026-10-06,687.0
2428,2026-10-06,619.0
2429,2026-10-06,2811.0
242A,,
2432,2026-10-06,2484.5
2433,2026-10-06,1287.0
2435,2026-10-06,203.0
2436,2026-10-06,586.0
2437,2026-10-06,620.0
2438,2026-10-06,339.0
2440,2026-10-06,113.0
2445,2026-10-06,385.0
2449,2026-10-06,1213.0
244A,2026-10-06,1262.0
2454,2026-10-06,326.0
2459,2026-10-06,173.0
245A,2026-10-06,2493.0
2461,2026-10-06,380.0
2462,2026-10-06,1498.0
2464,2026-10-06,370.0
2467,,
2469,2026-10-06,1379.0
246A,2026-10-06,1109.0
2471,2026-10-06,278.0
2475,2026-10-06,1741.0
2477,2026-10-06,3260.0
2479,2026-10-06,254.0
247A,2026-10-06,936.0
2480,2026-10-06,1755.0
2481,2026-10-06,701.0
2483,2026-10-06,2213.0
2484,2026-10-06,150.0
2485,2026-10-06,434.0
2488,2026-10-06,1406.0
2489,2026-10-06,424.0
248A,2026-10-06,808.0
2491,2026-10-06,458.0
2492,2026-10-06,755.0
2493,2026-10-06,935.0
2497,2026-10-06,496.0
2498,2026-10-06,3000.0
2499,2026-10-06,310.0
2501,2026-10-06,1862.0
2502,2026-10-06,1588.0
2503,2026-10-06,2820.5
250A,2026-10-06,1531.0
2531,2026-10-06,2496.5
2533,2026-10-06,473.0
253A,2026-10-06,1038.0
2540,,
254A,2026-10-06,1137.0
2551,,
255A,2026-10-06,5690.0
256A,2026-10-06,2280.0
2573,2026-10-06,4125.0
2579,2026-10-06,3791.0
2585,2026-10-06,1306.0
2586,2026-10-06,58.0
2587,2026-10-06,4510.0
2588,2026-10-06,3655.0
2590,2026-10-06,2851.0
2593,2026-10-06,3055.0
2594,2026-10-06,1941.0
2597,2026-10-06,1316.0
259A,,
2602,2026-10-06,1977.0
2607,2026-10-06,4292.0
2612,2026-10-06,2835.0
2613,2026-10-06,2174.0
261A,2026-10-06,1970.0
262A,2026-10-06,1694.0
263A,2026-10-05,800.0
264A,2026-10-06,288.0
2652,2026-10-06,422.0
2653,2026-10-06,2743.0
2654,2026-10-06,391.0
2656,2026-10-06,158.0
2659,2026-10-06,3185.0
265A,2026-10-06,762.0
2664,2026-10-06,3770.0
2666,2026-10-06,189.0
2667,2026-10-06,103.0
2668,2026-10-05,1278.0
2669,2026-10-06,3895.0
2670,2026-10-06,2766.0
2673,2026-10-06,103.0
2674,2026-10-06,2533.0
2676,2026-10-06,2051.0
2678,2026-10-06,1183.0
2681,2026-10-06,2228.0
2683,2026-10-06,993.0
2685,2026-10-06,3000.0
2686,,
2687,2026-10-06,489.0
2689,2026-10-06,1931.0
268A,2026-10-06,1869.0
2692,,
2693,2026-10-06,278.0
2694,2026-10-06,71.0
2695,2026-10-06,1658.0
2698,2026-10-06,3230.0
269A,2026-10-06,3310.0
2700,2026-10-06,1777.0
2702,2026-10-06,7420.0
2705,2026-10-06,8700.0
2708,2026-10-05,1859.0
2721,2026-10-06,101.0
2722,2026-10-06,360.0
2726,2026-10-06,1397.0
272A,,
2730,2026-10-06,2435.0
2733,2026-10-06,2500.0
2734,2026-10-06,1157.0
2735,2026-10-06,720.0
2736,2026-10-06,602.0
2737,2026-10-06,37500.0
2742,2026-10-06,3675.0
2747,2026-10-05,3185.0
2749,2026-10-06,633.0
274A,2026-10-06,2228.0
2750,2026-10-06,1315.0
2751,2026-10-06,3645.0
2752,2026-10-06,1156.0
2753,2026-10-06,1302.0
275A,,
2760,2026-10-06,4720.0
2762,2026-10-06,69.0
2763,,
2764,2026-10-06,160.0
2767,2026-10-06,2420.0
2768,2026-10-06,5504.0
2769,2026-10-06,931.0
276A,2026-10-06,4185.0
2776,2026-10-06,90.0
2778,2026-10-06,127.0
277A,2026-10-06,1893.0
2780,2026-10-06,4525.0
2782,2026-10-06,4270.0
2784,2026-10-06,2243.5
2788,2026-10-06,409.0
2789,2026-10-06,473.0
278A,2026-10-06,8640.0
2790,2026-10-06,2024.0
2791,2026-10-06,4350.0
2792,2026-10-06,1392.0
2795,2026-10-05,1016.0
2796,2026-10-06,508.0
2798,2026-10-06,2999.0
2801,2026-10-06,1700.0
2802,2026-10-06,5358.0
2804,2026-10-06,1820.0
2805,2026-10-06,6970.0
2806,2026-10-05,1975.0
2809,2026-10-06,4258.0
280A,2026-10-06,1100.0
2810,2026-10-06,4021.0
2811,2026-10-06,2638.0
2813,2026-10-05,3920.0
2814,2026-10-06,1738.0
2815,2026-10-06,5040.0
2816,2026-10-06,1401.0
2818,2026-10-06,1753.0
2819,2026-10-06,2469.0
281A,2026-10-06,392.0
2820,2026-10-06,6520.0
2831,2026-10-05,3670.0
285A,2026-10-06,18750.0
286A,2026-10-06,772.0
2871,2026-10-06,2083.0
2872,2026-10-06,1904.0
2874,2026-10-06,1853.0
2875,2026-10-06,9874.0
2876,2026-10-06,476.0
2877,2026-10-06,750.0
287A,2026-10-06,1159.0
2882,2026-10-06,2007.0
2883,2026-10-06,1962.0
2884,2026-10-06,591.0
288A,2026-10-06,93.0
2892,2026-10-06,4920.0
2894,2026-10-06,360.0
2897,2026-10-06,2832.0
2901,2026-10-06,133.0
2902,,
2903,2026-10-06,1502.0
2904,2026-10-06,753.0
2907,2026-10-06,1484.0
2908,2026-10-06,1551.0
290A,2026-10-06,1495.0
2910,2026-10-06,1346.0
2911,2026-10-06,2245.0
2914,2026-10-06,6890.0
2915,2026-10-06,1951.0
2916,2026-10-06,720.0
2917,2026-10-06,894.0
2918,2026-10-06,2647.0
2919,,
291A,2026-10-06,2026.0
2922,2026-10-06,1964.0
2923,2026-10-06,7200.0
2924,2026-10-06,1860.0
2926,2026-10-06,108.0
2927,2026-10-06,841.0
2928,,
2929,2026-10-06,692.0
2930,2026-10-06,132.0
2931,2026-10-06,336.0
2932,2026-10-06,1114.0
2933,2026-10-06,1046.0
2934,2026-10-06,2020.0
2935,2026-10-06,1160.0
2936,2026-10-06,276.0
2937,2026-10-06,1725.0
2938,2026-10-06,1213.0
2961,2026-10-06,1503.0
2962,2026-10-06,2886.0
296A,2026-10-06,1084.0
2970,2026-10-06,1152.0
2974,,
2975,2026-10-06,1273.0
2976,,
2978,2026-10-06,315.0
297A,2026-10-06,210.0
2980,2026-10-06,2331.0
2981,2026-10-06,2260.0
2982,2026-10-06,401.0
2983,2026-10-06,1602.0
2984,2026-10-06,775.0
2986,2026-10-06,2766.0
298A,2026-10-06,306.0
2991,2026-10-06,518.0
2993,2026-10-05,2220.0
2997,2026-10-06,1322.0
2998,2026-10-06,459.0
2999,2026-10-06,517.0
299A,2026-10-06,1235.0
3001,2026-10-06,2986.0
3002,2026-10-06,4045.0
3003,2026-10-06,1677.5
3004,2026-10-06,2037.0
300A,2026-10-06,2800.0
3010,2026-10-06,189.0
3011,2026-10-06,143.0
3020,2026-10-06,4775.0
3021,2026-10-06,1606.0
3023,2026-10-06,2100.0
3024,2026-10-06,1143.0
3028,2026-10-06,2340.0
302A,2026-10-06,608.0
3030,2026-10-06,888.0
3031,2026-10-06,703.0
3032,,
3034,2026-10-06,2381.0
3035,2026-10-06,731.0
3036,2026-10-06,3390.0
3038,2026-10-06,2958.5
303A,2026-10-06,599.0
3040,2026-10-06,2874.0
3041,2026-10-06,401.0
3042,2026-10-06,404.0
3045,2026-10-05,1458.0
3046,2026-10-06,5740.0
3047,,
3048,2026-10-06,1660.5
304A,2026-10-05,2175.0
3050,2026-10-06,1511.0
3053,2026-10-06,199.0
3054,2026-10-06,383.0
3055,,
3058,2026-10-06,712.0
3059,2026-10-06,708.0
3063,2026-10-06,1107.0
3064,2026-10-06,2114.5
3065,2026-10-05,1589.0
3066,,
3067,2026-10-06,456.0
3068,2026-10-06,3090.0
3069,2026-10-06,157.0
3070,2026-10-06,45.0
3071,2026-10-06,102.0
3073,,
3075,2026-10-06,1714.0
3076,2026-10-06,3005.0
3077,2026-10-06,1400.0
3079,,
3080,2026-10-06,843.0
3082,2026-10-06,987.0
3083,2026-10-06,1074.0
3086,2026-10-06,2647.0
3087,2026-10-06,3165.0
3088,2026-10-06,2421.5
3089,2026-10-06,1018.0
3091,2026-10-06,2813.0
3092,2026-10-06,1099.0
3093,2026-10-06,1977.0
3094,,
3096,2026-10-06,1520.0
3097,2026-10-06,5330.0
3099,2026-10-06,1716.0
3101,2026-10-06,1680.0
3103,2026-10-06,1511.0
3104,2026-10-06,3650.0
3105,2026-10-06,2778.0
3106,2026-10-06,2489.0
3107,2026-10-06,3613.0
3109,2026-10-06,1019.0
3110,2026-10-06,3620.0
3111,2026-10-06,172.0
3113,2026-10-06,81.0
3116,2026-10-06,2159.5
3121,2026-10-06,254.0
3123,2026-10-06,642.0
3131,2026-10-06,8110.0
3132,2026-10-06,4300.0
3133,2026-10-06,39.0
3134,2026-10-06,296.0
3135,2026-10-06,1132.0
3136,,
3137,2026-10-06,216.0
3138,2026-10-06,1207.0
3139,2026-10-06,3425.0
3140,2026-10-06,1021.0
3141,,
3143,2026-10-06,1089.0
3148,2026-10-06,3140.0
3150,2026-10-06,2385.0
3151,2026-10-06,1533.0
3153,2026-10-06,3120.0
3154,2026-10-06,792.0
3156,2026-10-06,6290.0
3157,2026-10-06,1425.0
3159,2026-10-06,371.0
3160,2026-10-06,580.0
3161,2026-10-06,687.0
3166,2026-10-06,1422.0
3167,2026-10-06,1337.0
3168,2026-10-06,1284.0
3169,2026-10-06,697.0
3172,2026-10-06,1129.0
3173,2026-10-06,1486.0
3174,2026-10-06,337.0
3175,2026-10-06,935.0
3176,2026-10-06,1190.0
3177,2026-10-06,4760.0
3178,2026-10-06,1121.0
3179,2026-10-06,1288.0
3180,2026-10-06,1660.0
3181,2026-10-06,1068.0
3182,2026-10-06,1613.0
3183,2026-10-06,1244.0
3184,2026-10-06,4095.0
3185,2026-10-06,105.0
3186,2026-10-06,2722.0
3187,2026-10-06,404.0
3189,2026-10-06,92.0
3190,2026-10-06,571.0
3191,2026-10-06,2232.0
3192,2026-10-06,235.0
3193,2026-10-06,1282.0
3195,2026-10-06,442.0
3196,2026-10-06,1617.0
3197,2026-10-06,3205.0
3198,,
3199,2026-10-06,1267.0
319A,2026-10-06,23050.0
3201,2026-10-06,1940.0
3202,2026-10-06,128.0
3204,2026-10-06,502.0
3205,2026-10-06,736.0
3221,2026-10-06,2867.0
3222,2026-10-06,803.0
3223,2026-10-05,991.0
3224,2026-10-06,664.0
3231,2026-10-06,846.5
3232,2026-10-06,559.0
3236,2026-10-06,274.0
3237,2026-10-06,91.0
3238,2026-10-06,381.0
323A,2026-10-06,377.0
3241,2026-10-06,592.0
3242,2026-10-06,535.0
3245,2026-10-06,944.0
3246,2026-10-06,695.0
3248,2026-10-06,888.0
324A,2026-10-06,713.0
3252,2026-10-06,2680.0
325A,2026-10-06,2067.0
3260,,
3261,2026-10-06,451.0
3266,2026-10-06,79.0
3267,2026-10-06,626.0
3271,,
3276,2026-10-06,2245.0
3277,2026-10-06,811.0
3280,2026-10-06,931.0
3284,2026-10-06,1206.0
3286,2026-10-06,875.0
3288,2026-10-06,7393.0
3289,2026-10-06,1188.5
3291,2026-10-06,2118.0
3293,2026-10-06,746.0
3294,,
3297,2026-10-06,1174.0
3299,2026-10-06,1602.0
3300,2026-10-06,1820.0
3302,2026-10-06,2983.0
3306,2026-10-06,668.0
330A,2026-10-06,535.0
3315,2026-10-06,93.0
3317,2026-10-06,1485.0
331A,2026-10-06,476.0
3320,2026-10-06,1306.0
3321,2026-10-06,1766.0
3323,2026-10-06,92.0
3326,2026-10-06,652.0
3329,2026-10-06,2137.0
332A,2026-10-06,1171.0
3333,2026-10-06,1239.0
3341,,
3346,,
3347,,
3349,2026-10-06,6316.0
334A,2026-10-06,1176.0
3350,2026-10-06,292.0
3352,2026-10-06,1782.0
3353,2026-10-06,2833.0
3355,2026-10-06,1797.0
3358,2026-10-06,92.0
3359,2026-10-06,493.0
335A,2026-10-06,327.0
3360,2026-10-06,2455.5
3361,2026-10-06,910.0
336A,2026-10-06,1539.0
3370,2026-10-06,460.0
3371,2026-10-06,2173.0
3372,2026-10-06,215.0
3374,2026-10-06,5400.0
3375,2026-10-05,1751.0
3377,2026-10-06,416.0
3382,2026-10-06,1979.5
3384,,
3386,2026-10-06,1259.0
3387,2026-10-06,778.0
3388,2026-10-06,2125.0
338A,2026-10-06,4985.0
3391,2026-10-06,2127.0
3392,2026-10-06,753.0
3393,2026-10-06,3085.0
3395,2026-10-06,2412.0
3396,2026-10-06,858.0
3397,2026-10-06,4117.0
3399,2026-10-06,4050.0
339A,2026-10-06,921.0
3401,2026-10-06,1656.5
3402,2026-10-06,1254.5
3405,2026-10-06,1810.0
3407,2026-10-06,1662.0
3409,2026-10-06,79.0
340A,2026-10-06,336.0
3415,2026-10-06,335.0
3416,2026-10-06,892.0
3417,2026-10-06,982.0
3418,2026-10-06,1054.0
3419,,
341A,2026-10-06,2065.0
3420,2026-10-06,1568.0
3421,2026-10-06,1578.0
3422,2026-10-06,666.0
3423,2026-10-06,265.0
3426,2026-10-06,1312.0
3431,2026-10-06,1465.0
3433,2026-10-06,3120.0
3434,2026-10-06,1220.0
3435,2026-10-06,1490.0
3436,2026-10-06,3678.0
3437,2026-10-06,2595.0
3439,2026-10-05,685.0
343A,2026-10-06,1284.0
3440,2026-10-06,834.0
3441,2026-10-06,1833.0
3442,,
3443,2026-10-06,1361.0
3444,2026-10-06,1162.0
3445,2026-10-06,6560.0
3446,2026-10-06,1537.0
3447,2026-10-06,958.0
3449,2026-10-06,4720.0
3452,2026-10-06,1374.0
3454,2026-10-06,1269.0
3457,2026-10-06,823.0
3461,2026-10-06,565.0
3465,2026-10-06,3130.0
3467,2026-10-06,2745.0
3469,2026-10-06,892.0
3474,2026-10-06,594.0
3475,2026-10-06,1467.0
3477,2026-10-06,898.0
3479,2026-10-06,1839.0
3480,,
3482,2026-10-06,2455.0
3484,2026-10-06,1238.0
3486,2026-10-06,1901.0
3489,2026-10-06,734.0
3490,2026-10-06,3175.0
3491,2026-10-06,1336.0
3494,2026-10-06,412.0
3495,2026-10-06,2285.0
3496,2026-10-06,4560.0
3498,2026-10-06,7110.0
3501,2026-10-06,1166.0
3504,,
350A,2026-10-06,691.0
3512,2026-10-06,1027.0
3513,2026-10-06,3620.0
3521,2026-10-06,157.0
3524,2026-10-06,1467.0
3526,,
3529,2026-10-06,1022.0
352A,2026-10-06,536.0
3536,2026-10-06,128.0
3537,2026-10-06,1716.0
3538,2026-10-06,1005.0
3539,2026-10-06,1446.0
353A,,
3541,,
3542,2026-10-06,1581.0
3543,2026-10-06,2795.0
3544,2026-10-06,1244.0
3546,,
3547,2026-10-06,1925.0
3548,2026-10-06,640.0
3549,2026-10-06,4212.0
3550,2026-10-06,220.0
3551,2026-10-06,1550.0
3553,2026-10-06,876.0
3556,2026-10-06,770.0
3557,2026-10-06,491.0
3558,2026-10-06,1858.0
3559,2026-10-06,450.0
3560,2026-10-06,5200.0
3561,2026-10-06,1338.0
3562,2026-10-06,1597.0
3563,2026-10-06,5435.0
3565,2026-10-06,493.0
3566,2026-10-06,683.0
3569,2026-10-06,3415.0
3571,2026-10-06,704.0
3577,2026-10-06,915.0
3580,2026-10-06,711.0
3583,2026-10-05,1361.0
3591,2026-10-06,3631.0
3593,,
3597,2026-10-06,8820.0
3598,2026-10-06,157.0
3600,2026-10-06,1800.0
3607,2026-10-06,352.0
3608,2026-10-06,1198.0
3611,2026-10-06,2373.0
3612,2026-10-06,1539.0
3622,2026-10-06,495.0
3623,2026-10-06,1256.0
3624,2026-10-06,89.0
3625,2026-10-06,729.0
3626,2026-10-06,3991.0
3627,2026-10-06,267.0
3628,2026-10-06,713.0
3632,2026-10-06,414.0
3633,2026-10-06,2663.0
3634,2026-10-06,706.0
3635,2026-10-06,1636.5
3636,2026-10-06,4815.0
3639,2026-10-06,227.0
3640,2026-10-06,2743.0
3641,2026-10-06,1001.0
3645,2026-10-06,254.0
3646,2026-10-06,341.0
3647,2026-10-06,114.0
3648,2026-10-06,1051.0
3649,2026-10-06,858.0
3652,2026-10-06,3140.0
3653,2026-10-06,979.0
3655,,
3656,2026-10-06,174.0
3657,2026-10-06,334.0
3659,2026-10-06,2627.5
365A,2026-10-06,774.0
3660,2026-10-06,470.0
3661,2026-10-06,829.0
3662,2026-10-06,911.0
3663,2026-10-06,1822.0
3664,2026-10-06,23.0
3665,2026-10-06,404.0
3667,2026-10-06,28.0
3668,2026-10-06,398.0
366A,2026-10-06,1195.0
3670,2026-09-30,1654.0
3671,2026-10-06,319.0
3672,2026-10-06,29.0
3673,2026-10-06,471.0
3674,2026-10-06,328.0
3675,2026-10-06,590.0
3676,2026-10-06,1051.0
3678,2026-10-06,1183.0
3679,2026-10-06,424.0
367A,2026-10-06,2904.0
3680,2026-10-06,204.0
3681,,
3682,2026-10-06,634.0
3683,2026-10-06,1053.0
3686,2026-10-06,57.0
3687,2026-10-06,2264.0
368A,2026-10-06,1375.0
3690,2026-10-06,539.0
3691,2026-10-06,1865.0
3692,2026-10-06,9190.0
3694,2026-10-06,475.0
3695,2026-10-06,1571.0
3696,2026-10-06,2343.0
3697,2026-10-06,872.2000122070312
3698,2026-10-06,1230.0
369A,2026-10-06,2680.0
3708,2026-10-06,2073.0
3710,2026-10-06,641.0
3712,2026-10-06,971.0
3719,2026-10-06,114.0
3723,2026-10-06,2588.0
3726,2026-10-06,338.0
3727,2026-10-06,160.0
372A,2026-10-06,5580.0
3733,2026-10-06,11840.0
3739,,
373A,2026-10-06,1551.0
3741,2026-10-06,3205.0
3744,2026-10-06,462.0
3747,2026-10-06,452.0
3750,2026-10-06,794.0
3753,2026-10-06,221.0
3758,2026-10-06,249.0
3760,2026-10-06,728.0
3762,2026-10-06,2597.0
3763,2026-10-06,2126.0
3765,2026-10-06,2356.0
3766,2026-10-06,1497.0
3768,2026-10-06,555.0
3769,2026-10-06,8631.0
3770,,
3771,2026-10-06,1863.0
3772,2026-10-06,1053.0
3773,2026-10-06,1046.0
3774,2026-10-06,3468.0
3775,,
3776,2026-10-06,269.0
3777,2026-10-06,49.0
3778,2026-10-06,3940.0
3779,2026-10-06,120.0
377A,,
3787,2026-09-30,680.0
3788,2026-10-06,2074.0
378A,2026-10-06,911.0
3791,2026-10-06,1148.0
3793,2026-10-06,557.0
3796,2026-10-06,292.0
3798,2026-10-06,527.0
3799,2026-10-06,1092.0
3800,2026-10-06,1963.0
3802,2026-10-06,482.0
3803,2026-10-06,590.0
3804,2026-10-06,450.0
3807,2026-10-06,89.0
3808,,
3810,2026-10-06,184.0
3815,2026-10-06,433.0
3816,2026-10-05,1100.0
3817,2026-10-06,4700.0
3823,2026-10-06,40.0
3824,,
3825,2026-10-06,250.0
3826,2026-10-06,491.0
3834,2026-10-06,585.0
3835,2026-10-06,437.0
3836,2026-10-06,1189.0
3837,2026-10-06,1360.0
3839,2026-10-06,622.0
3840,2026-10-06,63.0
3841,2026-10-06,1319.0
3842,2026-10-06,1359.0
3843,2026-10-06,1662.0
3844,2026-10-06,1255.0
3845,2026-10-06,332.0
3847,,
3848,2026-10-06,847.0
3849,,
3850,2026-10-06,3805.0
3851,2026-10-06,1360.0
3853,2026-10-06,1073.0
3854,2026-10-06,2047.0
3856,2026-09-25,199.0
3858,2026-10-06,351.0
3861,2026-10-06,827.0
3863,2026-10-06,1288.0
3864,2026-10-06,1212.0
3865,2026-10-06,881.0
386A,2026-10-06,1251.0
3877,2026-10-06,2142.0
3878,2026-10-06,959.0
387A,2026-10-06,918.0
3880,2026-10-06,946.0
3891,2026-10-06,7720.0
3892,2026-10-06,1613.0
3895,2026-10-06,437.0
3896,2026-10-06,416.0
3900,2026-10-06,678.0
3901,2026-10-06,1527.0
3902,,
3903,2026-10-06,199.0
3904,2026-10-06,424.0
3905,2026-10-06,1909.0
3907,2026-10-06,1853.0
3908,2026-10-06,361.0
3909,2026-10-06,201.0
3910,2026-10-06,302.0
3911,2026-10-06,169.0
3912,2026-10-06,1058.0
3913,2026-10-06,1072.0
3914,2026-10-06,2585.0
3915,2026-10-06,2225.0
3916,2026-10-06,970.0
3917,2026-10-06,487.0
3918,2026-10-06,1175.0
391A,,
3920,2026-10-06,980.0
3921,2026-10-06,1598.0
3922,2026-10-06,2116.0
3923,2026-10-06,1048.5
3924,,
3925,2026-10-06,1293.0
3926,2026-10-06,421.0
3927,2026-10-06,974.0
3928,2026-10-06,229.0
3929,2026-10-06,244.0
3930,2026-10-06,752.0
3931,2026-10-06,1472.0
3932,2026-10-06,1343.0
3933,2026-10-06,530.0
3934,2026-10-06,2283.0
3935,2026-10-06,721.0
3936,2026-10-06,132.0
3937,2026-10-06,1124.0
3939,2026-10-06,491.0
3940,2026-10-06,130.0
3941,2026-10-06,1499.0
3943,2026-10-06,1301.0
3944,2026-10-06,3100.0
3945,2026-10-06,2218.0
3946,2026-10-06,4380.0
3947,2026-10-06,2500.0
3948,2026-10-06,1184.0
3950,2026-10-06,1425.0
3951,2026-10-06,892.0
3953,2026-10-06,789.0
3954,2026-10-05,3090.0
3955,2026-10-06,850.0
3958,2026-10-06,541.0
3962,2026-10-06,993.0
3963,2026-10-06,311.0
3964,2026-10-06,1369.0
3965,2026-10-06,851.0
3967,2026-10-06,833.0
3968,2026-10-06,756.0
3969,2026-10-06,1391.0
3970,2026-10-06,814.0
3974,2026-10-06,678.0
3976,2026-10-06,533.0
3977,,
3979,2026-10-06,493.0
3981,2026-10-06,1233.0
3983,2026-10-06,1915.0
3984,2026-10-06,1550.0
3985,2026-10-06,185.0
3986,2026-10-06,486.0
3987,2026-10-06,622.0
3988,2026-10-06,561.0
3989,2026-10-06,1547.0
3991,2026-10-06,947.0
3992,2026-10-06,434.0
3993,2026-10-06,3380.0
3994,2026-10-06,6297.0
3996,2026-10-06,215.0
3997,2026-10-06,433.0
3998,2026-10-06,276.0
4004,2026-10-06,17825.0
4005,2026-10-06,587.2000122070312
4008,2026-10-06,1512.0
4011,2026-10-06,2475.0
4012,2026-10-06,1722.0
4013,2026-10-06,684.0
4014,2026-10-06,442.0
4015,2026-10-06,529.0
4016,2026-10-06,1088.0
4017,2026-10-06,206.0
4018,,
4019,2026-10-06,609.0
4020,2026-10-06,881.0
4021,2026-10-06,8834.0
4022,2026-10-06,2147.0
4023,2026-10-06,3935.0
4025,2026-10-06,5920.0
4026,2026-10-06,1586.0
4027,2026-10-06,2343.0
4028,2026-10-06,2831.0
402A,2026-10-06,317.0
4031,2026-10-06,1029.0
4040,2026-10-06,4075.0
4041,2026-10-06,3715.0
4042,2026-10-06,2627.0
4043,2026-10-06,4171.0
4044,2026-10-06,4630.0
4045,2026-10-06,1824.5
4046,2026-10-06,2144.0
4047,2026-10-06,2589.0
4051,2026-10-06,5990.0
4052,2026-10-06,992.0
4053,2026-10-06,516.0
4054,2026-10-06,520.0
4055,2026-10-06,1639.0
4056,2026-10-06,204.0
4057,2026-10-06,346.0
4058,2026-10-06,2180.0
4059,2026-10-06,366.0
4060,2026-10-06,1187.0
4061,2026-10-06,3301.0
4062,2026-10-06,12360.0
4063,2026-10-06,6310.0
4064,2026-10-06,3840.0
4068,2026-10-06,1807.0
4069,2026-10-06,582.0
4071,2026-10-06,2068.0
4072,2026-10-06,3170.0
4073,2026-10-06,772.0
4074,2026-10-06,796.0
4075,2026-10-06,1435.0
4076,2026-10-06,2004.0
4078,2026-10-06,3750.0
407A,2026-10-06,905.0
4080,,
4082,2026-10-06,2186.0
4088,2026-10-06,2865.0
4091,2026-10-06,5628.0
4092,2026-10-06,5730.0
4093,2026-10-06,426.0
4094,2026-10-06,2223.0
4095,2026-10-06,1797.0
4097,2026-10-06,1198.0
4098,2026-10-06,1001.0
4099,2026-10-06,2555.0
409A,2026-10-06,1048.0
4100,2026-10-06,1944.0
4102,2026-10-06,1459.0
4107,2026-10-06,4020.0
4109,2026-10-06,5660.0
410A,2026-10-06,1276.0
4112,2026-10-06,2108.0
4113,2026-10-06,846.0
4114,2026-10-06,2574.0
4116,2026-10-06,1309.0
4118,2026-10-06,6060.0
4119,2026-10-06,6220.0
4120,2026-10-05,3035.0
4124,2026-10-06,2928.0
4125,2026-10-06,3730.0
414A,2026-10-06,834.0
4151,2026-10-06,2219.0
415A,2026-10-06,5550.0
4165,2026-10-06,725.0
4166,2026-10-06,707.0
4167,2026-10-06,334.0
4168,2026-10-06,796.0
4169,2026-10-06,263.0
416A,2026-10-06,1328.0
4170,2026-10-06,114.0
4171,,
4172,2026-10-06,2270.0
4173,,
4174,2026-10-06,1038.0
4175,2026-10-06,2830.0
4176,2026-10-06,276.0
4177,2026-10-06,1390.0
4178,2026-10-06,916.0
4179,2026-10-06,327.0
417A,2026-10-06,1828.5
4180,2026-10-06,1394.0
4182,2026-10-06,4084.0
4183,2026-10-06,2152.0
4186,2026-10-06,9335.0
4187,2026-10-06,4695.0
4188,2026-10-06,1176.5
4189,2026-10-06,3420.0
418A,,
4192,2026-10-06,341.0
4193,2026-10-06,2013.0
4194,2026-10-06,8835.0
4196,2026-10-06,1364.0
4197,2026-10-06,2409.0
4198,2026-10-06,494.0
4199,2026-10-06,795.0
4202,2026-10-06,1447.5
4203,2026-10-06,9234.0
4204,2026-10-06,2526.5
4205,2026-10-06,2449.0
4206,2026-10-06,4294.0
4208,2026-10-06,3380.0
4212,2026-10-06,2927.0
4216,2026-10-06,7340.0
4218,2026-10-06,1878.0
421A,2026-10-06,4035.0
4220,2026-10-06,2416.0
4221,2026-10-06,5460.0
4222,2026-10-06,656.0
4224,2026-10-06,2120.0
4228,2026-10-06,624.0
4229,2026-10-06,4315.0
4231,2026-10-06,997.0
4234,2026-10-06,1011.0
4235,2026-10-06,680.0
4237,2026-10-06,340.0
4238,2026-10-06,2046.0
423A,2026-10-06,309.0
4240,2026-10-06,304.0
4241,2026-10-06,725.0
4242,2026-10-06,1721.0
4243,2026-10-06,1030.0
4245,2026-10-06,722.0
4246,2026-10-06,1072.0
4247,2026-10-05,1402.0
4248,2026-10-06,881.0
4249,2026-10-06,2774.0
4250,,
4251,2026-10-06,1190.0
4255,2026-10-06,3310.0
4256,2026-10-06,1202.0
4258,2026-10-06,6070.0
4259,2026-10-06,843.0
4260,2026-10-06,207.0
4261,2026-10-06,3040.0
4262,2026-10-06,1380.0
4263,2026-10-06,407.0
4264,2026-10-06,1414.0
4265,2026-10-06,249.0
4267,,
4270,2026-10-06,1876.0
4272,2026-10-06,2107.0
4274,2026-10-06,1125.0
4275,2026-10-06,1890.0
4284,2026-10-06,458.0
4286,2026-10-06,1312.0
4287,2026-10-06,494.0
4288,2026-10-06,675.0
428A,2026-10-06,1728.0
4290,2026-10-06,668.0
4293,2026-10-06,493.0
4299,2026-10-06,1184.0
429A,2026-10-06,4060.0
4301,2026-10-06,1822.0
4304,,
4307,2026-10-06,5081.0
4308,2026-10-06,356.0
4310,2026-10-06,2520.0
4316,2026-09-30,42.0
4317,2026-10-06,596.0
4318,2026-10-06,834.0
4319,,
431A,2026-10-06,2553.0
4320,2026-10-05,1629.0
4323,2026-10-06,1914.0
4324,2026-10-06,3515.0
4326,2026-10-06,1864.0
4331,2026-10-06,845.0
4333,,
4334,2026-10-06,379.0
4335,2026-10-06,1069.0
4337,2026-10-06,2431.0
4341,2026-10-06,909.0
4343,2026-10-06,2642.0
4344,2026-10-06,102.0
4345,2026-10-06,814.0
4346,2026-10-06,896.0
4347,2026-10-06,1875.0
4350,2026-10-06,520.0
4351,2026-10-06,849.0
4356,2026-10-06,1658.0
4360,2026-10-06,1029.0
4361,2026-10-06,1666.0
4362,2026-10-06,2648.0
4365,2026-10-05,24500.0
4366,2026-10-06,508.0
4367,,
4368,2026-10-06,3525.0
4369,2026-10-06,3395.0
436A,2026-10-06,1636.0
4370,2026-10-06,372.0
4371,2026-10-06,1552.0
4372,2026-10-06,1320.0
4373,2026-10-06,1165.0
4374,2026-10-06,1178.0
4375,2026-10-06,671.0
4376,2026-10-06,182.0
4377,2026-10-06,2480.0
4378,2026-10-06,463.0
4379,2026-10-06,495.0
4380,2026-10-06,693.0
4381,2026-10-06,217.0
4382,2026-10-06,1015.0
4384,,
4385,2026-10-06,3546.0
4386,2026-10-06,902.0
4387,2026-10-06,552.0
4388,2026-10-06,355.0
4389,2026-10-06,1046.0
438A,2026-10-06,1034.0
4390,2026-10-06,3585.0
4391,2026-10-06,1139.0
4392,2026-10-06,919.0
4393,2026-10-06,6180.0
4394,2026-10-06,724.0
4395,2026-10-06,723.0
4396,2026-10-06,1353.0
4397,2026-10-06,372.0
4398,2026-10-06,1922.0
4401,2026-10-06,4780.0
4403,2026-10-06,2551.0
4404,2026-10-06,2192.0
4406,2026-10-06,232.0
4409,2026-10-06,835.0
4410,2026-10-06,1138.0
4412,2026-10-06,1511.0
4413,2026-10-06,2976.0
4414,2026-10-06,1135.0
4415,2026-10-06,1475.0
4416,2026-10-06,391.0
4417,2026-10-06,6450.0
4418,2026-10-06,1144.0
4419,2026-10-06,1518.0
441A,2026-10-06,264.0
4420,2026-10-06,819.0
4421,2026-10-06,899.0
4422,2026-10-06,503.0
4424,2026-10-06,303.0
4425,2026-10-06,1459.0
4427,2026-10-06,226.0
4428,2026-10-05,698.0
4429,2026-10-06,720.0
442A,2026-10-06,830.0
4430,2026-10-06,1732.0
4431,2026-10-06,3755.0
4432,2026-10-06,3310.0
4433,2026-10-06,833.0
4434,2026-10-06,2402.0
4435,,
4436,2026-10-06,628.0
4437,2026-10-06,714.0
4438,2026-10-06,286.0
4439,2026-10-06,834.0
4440,2026-10-06,2537.0
4441,2026-10-06,1532.0
4442,2026-10-06,413.0
4443,2026-10-06,2174.0
4444,2026-10-06,923.0
4445,2026-10-06,1740.0
4446,2026-10-06,737.0
4447,2026-10-06,521.0
4448,2026-10-06,358.0
4449,,
4450,2026-10-06,2403.0
4452,2026-10-06,3474.0
4461,2026-10-06,16090.0
4462,2026-10-06,3135.0
4463,2026-10-06,2018.0
4464,2026-10-06,4050.0
4465,2026-10-06,2530.0
446A,2026-10-06,2567.0
4471,2026-10-06,1702.0
4475,2026-10-06,1812.0
4476,2026-10-06,1085.0
4477,2026-10-06,387.0
4478,2026-10-06,3500.0
4479,2026-10-06,975.0
4480,2026-10-06,2299.0
4481,2026-10-06,3150.0
4482,2026-10-06,746.0
4483,2026-10-06,3680.0
4484,2026-10-06,285.0
4486,2026-10-06,677.0
4487,2026-10-06,212.0
4488,2026-10-06,2139.0
4490,2026-10-06,667.0
4491,2026-10-06,2966.0
4492,2026-10-06,393.0
4493,2026-10-06,2618.0
4494,,
4495,2026-10-06,2025.0
4496,2026-10-06,736.0
4498,2026-10-06,1220.0
4499,2026-10-06,2353.0
4502,2026-10-06,5711.0
4503,2026-10-06,2226.5
4506,2026-10-06,1599.5
4507,2026-10-06,2725.5
4512,2026-10-06,302.0
4516,2026-10-06,3358.0
4519,2026-10-06,6092.0
4521,2026-10-06,3760.0
4523,2026-10-06,4679.0
4524,2026-10-06,2225.0
4526,2026-10-06,3070.0
4527,2026-10-06,2705.0
4528,2026-10-06,2263.5
4530,,
4531,2026-10-06,368.0
4534,2026-10-06,3120.0
4536,2026-10-06,1670.0
4538,2026-10-06,2156.0
4539,2026-10-06,1562.0
4540,2026-10-06,3725.0
4543,2026-10-06,2324.5
4544,2026-10-06,3549.0
4547,2026-10-06,3685.0
4548,2026-10-06,570.0
4549,2026-10-06,2287.0
4552,2026-10-06,493.0
4553,2026-10-06,3595.0
4554,2026-10-06,1751.0
4556,,
4558,2026-10-06,199.0
4559,2026-10-06,1910.0
4563,2026-10-06,35.0
4564,2026-10-06,21.0
4565,2026-10-06,1222.0
4568,2026-10-06,2739.5
4569,2026-10-06,1054.0
456A,2026-10-06,2111.0
4570,2026-10-06,1186.0
4571,2026-10-06,94.0
4572,2026-10-06,409.0
4574,2026-10-06,256.0
4575,2026-10-06,769.0
4576,2026-10-06,72.0
4577,2026-10-06,1318.0
4578,2026-10-06,11465.0
4579,2026-10-06,619.0
4582,2026-10-06,56.0
4583,2026-10-06,102.0
4584,2026-10-06,169.0
4586,2026-10-06,60.0
4587,2026-10-06,1061.0
4588,2026-10-06,6930.0
4591,2026-10-06,75.0
4592,2026-10-06,992.0
4593,2026-10-06,307.0
4594,2026-10-06,46.0
4595,2026-10-06,1709.0
4596,2026-10-06,66.0
4597,2026-10-06,31.0
4598,2026-10-06,110.0
4599,2026-10-06,164.0
460A,2026-10-06,1116.0
4611,2026-10-06,1594.0
4612,2026-10-06,1205.5
4613,2026-10-06,2783.0
4615,2026-10-06,132.0
4616,2026-10-06,3300.0
4617,2026-10-06,3630.0
4619,2026-10-06,2626.0
4620,2026-10-06,1112.0
4623,2026-10-06,1862.0
4624,2026-10-06,3980.0
4625,2026-10-06,901.0
4626,2026-10-06,4788.0
4627,2026-10-06,2112.0
4628,2026-10-06,10240.0
4629,2026-10-06,2389.0
462A,2026-10-06,255.0
4631,2026-10-06,4993.0
4633,2026-10-06,2639.0
4634,2026-10-06,5110.0
4635,2026-10-06,1996.0
463A,2026-10-06,962.0
4641,2026-10-06,864.0
4642,2026-10-06,1392.0
4644,2026-10-06,1026.0
4645,2026-10-06,425.0
464A,2026-10-06,1657.0
4650,2026-10-06,270.0
4651,2026-10-06,239.0
4657,2026-10-06,460.0
4658,2026-10-06,1607.0
4659,,
4661,2026-10-06,2849.5
4662,2026-10-06,1603.0
4664,2026-10-06,1159.0
4665,2026-10-06,4658.0
4666,2026-10-06,1748.5
4667,2026-10-06,1093.0
4668,2026-10-06,724.0
4671,2026-10-06,2693.0
4673,2026-10-06,4885.0
4674,2026-10-06,1929.0
4676,2026-10-06,3917.0
4678,2026-10-06,330.0
4679,2026-10-06,269.0
4680,2026-10-06,1262.0
4681,2026-10-06,1740.0
4684,2026-10-06,5073.0
4685,2026-10-06,2817.0
4686,2026-10-06,4495.0
4687,2026-10-06,1071.0
4689,2026-10-06,496.6000061035156
4690,,
4691,2026-10-06,2018.0
4694,2026-10-06,3590.0
469A,2026-10-06,1631.0
4704,2026-10-06,6820.0
4705,2026-10-06,775.0
4707,2026-10-06,393.0
4709,2026-10-06,1060.0
4712,2026-10-06,812.0
4714,2026-10-06,205.0
4716,2026-10-06,9804.0
4718,2026-10-06,2399.0
4719,2026-10-06,3280.0
471A,2026-10-06,1505.0
4720,2026-10-06,239.0
4722,2026-10-06,2426.0
4725,2026-10-06,1927.0
4728,2026-10-06,646.0
472A,2026-10-06,549.0
4732,2026-10-06,1802.5
4733,2026-10-06,8313.0
4735,2026-10-06,280.0
4736,2026-10-06,609.0
4743,2026-10-06,1608.0
4745,,
4746,2026-10-06,2014.0
4750,2026-10-06,558.0
4751,2026-10-06,1232.5
4752,2026-10-05,1600.0
4754,2026-10-06,1514.0
4755,2026-10-06,660.5
475A,2026-10-06,678.0
4760,2026-10-06,1193.0
4761,2026-10-06,1463.0
4762,2026-10-06,1050.0
4763,2026-10-06,1515.0
4765,2026-10-06,594.0
4766,2026-10-06,217.0
4767,2026-10-06,392.0
4768,2026-10-06,3652.0
4769,2026-10-06,1150.0
4771,2026-10-06,2651.0
4772,2026-10-06,74.0
4776,2026-10-06,2958.0
4777,2026-10-06,200.0
477A,2026-10-06,788.0
4783,2026-10-06,2421.0
4784,2026-10-06,509.0
478A,2026-10-06,720.0
4792,2026-10-06,1703.0
479A,2026-10-06,1962.0
4800,2026-09-30,1359.0
4801,2026-10-06,2320.0
4809,2026-10-06,1968.0
480A,2026-10-06,1020.0
4811,2026-10-06,936.0
4812,2026-10-06,2862.0
4813,2026-10-06,411.0
4814,2026-10-06,169.0
4816,2026-10-06,2900.0
4819,2026-10-06,2396.0
4820,2026-10-06,562.0
4825,2026-10-06,1966.0
4826,2026-10-06,524.0
4827,,
4828,2026-10-06,1292.0
4829,2026-10-06,104.0
4832,2026-10-06,1834.0
4833,2026-10-06,56.0
4834,,
4838,2026-10-06,696.0
4839,2026-10-06,931.0
483A,2026-10-06,2125.0
4840,2026-10-06,903.0
4845,2026-10-06,338.0
4847,2026-10-06,1487.0
4848,2026-10-06,1781.0
4849,2026-10-06,1742.0
485A,2026-10-06,2183.0
4880,2026-10-06,316.0
4881,2026-10-06,47.0
4882,2026-10-06,168.0
4883,2026-10-06,31.0
4884,2026-10-06,594.0
4885,2026-10-06,910.0
4886,2026-10-06,2002.0
4887,2026-10-06,1628.0
4888,2026-10-06,463.0
4889,2026-10-06,1097.0
4890,2026-10-06,265.0
4891,2026-10-06,132.0
4892,2026-10-06,648.0
4893,2026-10-06,113.0
4894,2026-10-06,6680.0
4896,2026-10-06,766.0
4901,2026-10-06,3412.0
4902,2026-10-06,654.5999755859375
4911,2026-10-06,3211.0
4912,2026-10-06,1735.0
4914,2026-10-06,1279.0
4917,,
4918,2026-10-06,300.0
4919,2026-10-06,3230.0
4920,2026-10-05,1172.0
4922,2026-10-06,5286.0
4923,2026-10-06,1140.0
4925,2026-10-06,1680.0
4926,2026-10-06,1221.0
4927,2026-10-06,1338.5
4928,2026-10-06,4395.0
4929,2026-10-06,737.0
4931,2026-10-06,1948.0
4932,2026-10-06,782.0
4933,2026-10-06,2199.0
4934,2026-10-06,585.0
4935,2026-10-06,229.0
4936,2026-10-06,290.0
4937,2026-10-06,2370.0
4951,2026-10-06,1490.0
4956,2026-10-06,1452.0
4957,,
4958,2026-10-06,3310.0
4960,2026-10-06,533.0
4966,2026-10-06,22100.0
4967,2026-10-06,6976.0
4968,2026-10-06,2550.0
4970,2026-10-06,11160.0
4971,2026-10-06,7550.0
4972,2026-10-06,4425.0
4973,2026-10-06,5080.0
4974,,
4975,2026-10-06,6330.0
4976,2026-10-06,1536.0
4977,2026-10-06,1171.0
4978,2026-10-06,140.0
4979,2026-10-06,2788.0
4980,2026-10-06,3549.0
4985,2026-10-06,4590.0
4990,2026-10-06,520.0
4992,2026-10-06,1956.0
4994,2026-10-06,2585.0
4995,,
4996,2026-10-06,660.0
4997,2026-10-06,1085.0
4998,2026-10-06,1158.0
5009,,
500A,2026-10-06,3405.0
5010,2026-10-06,317.0
5011,2026-10-06,2254.0
5013,2026-10-06,3170.0
5015,2026-10-06,998.0
5016,2026-10-06,3840.0
5017,,
5018,2026-10-06,2400.0
5019,2026-10-06,1525.5
5020,2026-10-06,1373.0
5021,2026-10-06,4164.0
5025,2026-10-06,580.0
5026,2026-10-06,620.0
5027,2026-10-06,805.0
5028,2026-10-06,350.0
5029,2026-10-06,926.0
5031,2026-10-06,395.0
5032,2026-10-06,3075.0
5033,2026-10-06,1232.0
5034,2026-10-06,2405.0
5035,2026-10-06,359.0
5036,2026-10-06,1570.0
5038,2026-10-06,2301.0
5039,,
504A,2026-10-06,572.0
505A,2026-10-06,1344.0
5071,2026-10-06,1395.0
5074,2026-10-06,542.0
5075,,
5076,2026-10-06,2322.5
5078,2026-10-05,4665.0
5079,2026-10-06,2575.0
5101,2026-10-06,7258.0
5103,,
5105,2026-10-06,3954.0
5108,2026-10-06,3821.0
5110,2026-10-06,2006.0
5121,2026-10-06,3140.0
5122,2026-10-06,6170.0
5125,2026-10-06,580.0
5126,2026-10-05,1448.0
5129,2026-10-06,242.0
5131,2026-10-06,153.0
5132,2026-10-06,1976.0
5133,2026-10-06,373.0
5134,2026-10-06,455.0
5136,2026-10-06,2586.0
5137,2026-10-06,300.0
5138,2026-10-06,463.0
5139,2026-10-06,930.0
5142,2026-10-06,1945.0
5161,2026-10-06,3405.0
5162,2026-10-06,813.0
5184,2026-10-06,4140.0
5185,2026-10-06,1940.0
5186,2026-10-06,7000.0
5187,2026-10-06,1133.0
5189,2026-10-06,3410.0
5191,,
5192,2026-10-06,4125.0
5194,2026-10-06,622.0
5195,2026-10-06,2488.0
5199,2026-10-05,1965.0
519A,2026-10-06,415.0
5201,2026-10-06,5907.0
5202,2026-09-30,496.0
5204,2026-10-06,3035.0
5208,2026-10-06,2938.0
520A,2026-10-06,428.0
5210,2026-10-06,2792.0
5214,2026-10-06,5239.0
5216,2026-10-06,133.0
5218,2026-10-06,1720.0
5232,2026-10-06,1915.5
5233,2026-10-06,4173.0
5237,2026-10-06,1129.0
523A,2026-10-06,1916.0
5240,2026-10-06,172.0
5241,,
5242,2026-10-06,2212.0
5243,2026-10-06,3895.0
5244,2026-10-06,180.0
5246,2026-10-06,884.0
5247,2026-10-06,565.0
5248,2026-10-06,514.0
5250,2026-10-06,1046.0
5252,2026-10-06,996.0
5253,2026-10-06,1547.0
5254,2026-10-06,4270.0
5255,2026-10-06,80.0
5256,2026-10-06,3770.0
5257,2026-10-06,2855.0
5258,2026-10-06,428.0
5259,,
5261,2026-10-06,7540.0
5262,2026-10-06,1050.0
5268,2026-10-06,830.0
5269,2026-10-06,351.0
5271,2026-10-06,2272.0
5273,2026-10-06,1974.0
5279,2026-10-06,1199.0
5280,2026-10-06,2161.0
5282,2026-10-06,387.0
5283,2026-10-06,3185.0
5284,2026-10-06,2215.0
5285,2026-10-06,1290.0
5287,2026-10-06,878.0
5288,2026-10-06,1440.0
5290,2026-10-06,1221.0
5301,2026-10-06,2380.5
5302,2026-10-06,5300.0
5304,2026-10-06,2377.0
5310,2026-10-06,7930.0
5331,2026-10-06,3805.0
5332,2026-10-06,6257.0
5333,2026-10-06,5911.0
5334,2026-10-06,3979.0
5337,2026-10-06,902.0
5341,2026-10-06,129.0
5342,,
5343,,
5344,2026-10-06,60920.0
5351,2026-10-06,1967.0
5352,,
5355,2026-10-06,662.0
5356,2026-10-06,1253.0
5357,2026-10-06,1694.0
5363,2026-10-06,726.0
5367,2026-10-06,1500.0
5368,2026-10-06,1005.0
5380,2026-10-06,1293.0
5381,2026-10-06,1163.0
5384,2026-10-06,3785.0
5386,,
5388,2026-10-06,1370.0
5391,2026-10-06,1480.0
5393,2026-10-06,3654.0
5401,2026-10-06,651.2999877929688
5406,2026-10-06,2020.0
5408,2026-10-06,611.0
5410,2026-10-06,2861.0
5411,2026-10-06,1723.0
5423,2026-10-06,1691.0
543A,2026-10-06,286.0
5440,2026-10-06,1867.0
5444,2026-10-06,12515.0
5445,2026-10-06,1960.0
5446,2026-10-06,1066.0
5449,2026-10-06,2390.0
5451,2026-10-06,1377.0
5458,2026-10-06,1320.0
5461,2026-10-06,2170.0
5463,2026-10-06,1704.0
5464,2026-10-06,895.0
5471,2026-10-06,2654.0
5476,,
5480,2026-10-06,5360.0
5482,2026-10-06,3000.0
5484,2026-10-05,4460.0
548A,2026-10-06,947.0
5491,2026-10-06,901.0
549A,2026-10-06,457.0
550A,2026-10-06,2266.0
5527,2026-10-06,767.0
5530,,
5532,2026-10-06,3485.0
5533,2026-10-05,2090.0
5535,2026-10-06,283.0
5537,2026-10-06,3810.0
5541,2026-10-06,2486.0
5542,2026-10-06,1266.0
554A,2026-10-06,1380.0
5563,2026-10-06,437.0
556A,2026-10-06,2919.0
5570,2026-10-06,604.0
5571,2026-10-06,1042.0
5572,2026-10-06,3260.0
5574,2026-10-06,3070.0
5575,2026-10-06,1265.0
5576,2026-10-06,3055.0
5577,,
5578,2026-10-06,916.0
5579,,
5580,2026-10-06,1607.0
5582,2026-10-06,2101.0
5586,2026-10-06,915.0
5587,2026-10-06,831.0
5588,2026-10-06,726.0
5589,2026-10-06,2994.0
5590,2026-10-06,713.0
5591,2026-10-06,844.0
5592,2026-10-06,2583.0
5595,,
5596,,
5597,2026-10-06,1310.0
5599,2026-10-06,1413.0
559A,2026-10-06,1131.0
5602,2026-10-06,1609.0
5603,2026-10-06,1297.0
5607,,
5609,2026-10-06,945.0
5612,2026-10-06,1580.0
5616,2026-10-06,634.0
5618,2026-10-06,299.0
5619,2026-10-06,840.0
5621,2026-10-06,1588.0
5631,2026-10-06,7237.0
5632,2026-10-06,2502.0
5644,2026-10-05,7290.0
5658,2026-10-06,402.0
5659,2026-10-06,1395.0
5660,,
5695,2026-10-05,2765.0
5697,2026-10-06,815.0
5698,2026-10-06,705.0
5699,2026-10-06,1555.0
5702,2026-10-06,1719.0
5703,2026-10-06,2849.0
5704,2026-10-06,376.0
5706,2026-10-06,2738.5
5707,2026-10-06,919.0
5711,2026-10-06,5092.0
5713,2026-10-06,9838.0
5714,2026-10-06,8785.0
5715,2026-10-06,4045.0
5721,2026-10-06,53.0
5724,2026-10-06,2874.0
5726,2026-10-06,2397.0
5727,,
5729,2026-10-06,1673.0
5741,2026-10-06,2175.0
5742,2026-10-06,720.0
5753,2026-10-06,2550.0
5757,2026-10-06,4915.0
5801,2026-10-06,4421.0
5802,2026-10-06,2513.5
5803,2026-10-06,5724.0
5805,2026-10-06,2892.0
5816,2026-10-06,1434.0
5817,2026-10-06,1195.0
5819,2026-10-06,1734.0
581A,2026-10-06,3685.0
5820,2026-10-06,877.0
5821,2026-10-06,3290.0
5830,2026-10-06,3929.0
5831,2026-10-06,3625.0
5832,2026-10-06,3823.0
5834,2026-10-06,2720.0
5838,2026-10-06,6477.0
5842,2026-10-06,2774.0
5843,2026-10-06,2303.0
5844,2026-10-06,4772.0
5845,2026-10-06,1194.0
584A,2026-10-06,2538.0
5851,2026-10-06,2724.0
5852,2026-10-06,628.0
5856,,
5857,2026-10-06,3575.0
5858,2026-10-06,1156.0
5867,2026-10-06,1376.0
5868,2026-10-06,1024.0
5869,2026-10-06,1277.0
5870,2026-10-06,893.0
5871,2026-10-06,1326.0
5884,2026-10-06,615.0
5885,2026-10-06,3150.0
5888,2026-10-06,2623.0
5889,2026-10-06,2165.0
5891,2026-10-06,1706.0
5892,2026-10-06,2988.0
5900,2026-10-06,878.0
5901,2026-10-06,4451.0
5902,2026-10-06,2613.0
5903,,
5905,2026-10-06,1369.0
5906,2026-10-06,775.0
5909,2026-10-06,931.0
5911,2026-10-06,2882.0
5915,2026-10-06,2320.0
5918,2026-10-06,7730.0
5921,2026-10-06,4330.0
5922,2026-10-05,19980.0
5923,2026-10-06,1186.0
5928,2026-10-06,283.0
5929,2026-10-06,3460.0
5930,2026-10-06,1807.0
5932,2026-10-06,635.0
5933,2026-10-06,1080.0
5936,2026-10-06,882.0
5938,2026-10-06,1665.5
5939,2026-10-06,4690.0
5940,2026-10-06,742.0
5941,2026-10-06,2699.0
5942,2026-10-06,717.0
5943,2026-10-06,2179.0
5945,2026-10-06,2268.0
5946,2026-10-06,1988.0
5947,2026-10-06,3362.0
5949,2026-10-06,1294.0
5950,2026-10-06,146.0
5951,2026-10-06,1126.0
5952,2026-10-06,188.0
5953,,
5955,2026-10-06,82.0
5956,2026-10-06,590.0
5957,2026-10-06,759.0
5958,2026-10-06,4315.0
5959,2026-10-06,916.0
5962,2026-10-06,2197.0
5965,2026-10-06,1191.0
5966,2026-10-06,2717.0
5967,2026-10-06,439.0
5969,2026-10-05,1199.0
5970,2026-10-06,2203.0
5971,2026-10-06,8810.0
5973,2026-10-06,606.0
5974,2026-10-05,836.0
5975,2026-10-06,3355.0
5976,2026-10-06,1445.0
5979,,
5981,2026-10-06,1859.0
5982,2026-10-06,4000.0
5983,2026-10-06,15000.0
5984,2026-10-06,778.0
5985,2026-10-06,2658.0
5986,2026-10-06,285.0
5987,2026-10-06,1647.0
5988,2026-10-06,1611.0
5989,2026-10-06,1413.0
598A,2026-10-06,1398.0
5990,2026-10-06,1924.0
5991,2026-10-06,3785.0
5992,2026-10-06,3585.0
5994,2026-10-06,980.0
5997,2026-10-06,905.0
5998,2026-10-06,3030.0
6005,2026-10-06,3027.0
6013,2026-10-06,3010.0
6016,2026-10-06,12180.0
6018,2026-10-06,5930.0
6022,2026-10-06,2846.0
6023,2026-10-06,3325.0
6025,,
6027,2026-10-06,5160.0
6028,,
6029,2026-10-06,191.0
6030,2026-10-06,1500.0
6031,2026-10-06,277.0
6033,2026-10-06,1610.0
6034,2026-10-06,570.0
6035,2026-10-06,736.0
6036,2026-10-06,3735.0
6037,2026-10-06,1082.0
6038,2026-10-06,833.0
6039,2026-10-06,1013.0
603A,2026-10-06,1023.0
6040,2026-10-06,457.0
6042,2026-10-06,3800.0
6044,2026-10-06,1844.0
6045,2026-10-06,2050.0
6046,2026-10-06,144.0
6047,2026-10-06,361.0
6049,2026-10-06,250.0
6050,2026-10-06,1650.0
6054,2026-10-06,113.0
6055,2026-10-06,2402.0
6058,2026-10-06,1975.0
6059,2026-10-05,370.0
6060,,
6061,2026-10-06,3095.0
6062,2026-10-06,1401.0
6063,2026-10-05,1003.0
6069,2026-10-06,658.0
6070,2026-10-06,2495.0
6071,2026-10-06,897.0
6072,2026-10-06,1147.0
6073,2026-10-06,1336.0
6074,2026-10-06,504.0
6076,,
6078,2026-10-06,1515.0
607A,2026-10-06,258.0
6080,2026-10-06,4370.0
6081,2026-10-06,151.0
6082,2026-10-06,988.0
6083,2026-10-06,1393.0
6085,2026-10-06,100.0
6086,2026-10-06,986.0
6087,2026-10-06,3320.0
6088,2026-10-06,588.0
6089,2026-10-06,1115.0
6090,2026-10-06,610.0
6091,2026-10-06,945.0
6092,2026-10-06,777.0
6093,2026-10-06,161.0
6094,2026-10-06,496.0
6096,,
6098,2026-10-06,16955.0
6099,2026-10-06,696.0
6101,2026-10-06,5830.0
6103,2026-10-06,4940.0
6104,2026-10-06,5020.0
6111,,
6113,2026-10-06,2669.0
6118,2026-10-06,1232.0
6125,2026-10-06,5240.0
6134,2026-10-06,8529.0
6135,2026-10-06,3285.0
6136,2026-10-06,3785.0
6137,2026-10-06,1521.0
6138,2026-10-06,2034.0
6140,2026-10-06,1155.0
6141,2026-10-06,2905.0
6142,,
6143,2026-10-06,1747.0
6144,2026-10-06,2700.0
6145,2026-10-06,2890.0
6146,2026-10-06,63750.0
6147,2026-09-30,166.0
6149,2026-10-06,2140.0
6150,2026-10-06,2768.0
6151,2026-10-06,1724.0
6155,2026-10-05,543.0
6156,2026-10-06,1880.0
6157,2026-10-06,814.0
6158,2026-10-06,1015.0
6159,2026-10-06,1900.0
6161,2026-10-06,1046.0
6165,2026-10-06,558.0
6166,2026-10-06,611.0
6167,2026-10-06,1002.0
6171,2026-10-06,374.0
6173,,
6176,2026-10-06,986.0
6177,2026-10-06,86.0
6178,2026-10-06,2484.0
6180,2026-10-05,3800.0
6181,2026-10-06,83.0
6182,2026-10-06,495.0
6183,2026-10-06,1286.0
6184,2026-10-06,611.0
6185,2026-10-06,367.0
6186,2026-10-06,371.0
6189,2026-10-06,984.0
6190,2026-10-06,327.0
6191,2026-10-06,1466.0
6193,2026-10-06,1069.0
6194,2026-10-06,941.0
6195,2026-10-06,202.0
6196,2026-10-06,1375.0
6197,,
6198,2026-10-06,197.0
6199,2026-10-06,1334.0
6200,2026-10-06,674.0
6201,,
6203,2026-10-06,2530.0
6208,2026-10-06,1787.0
6209,2026-10-06,3875.0
6210,,
6217,2026-10-06,805.0
6218,2026-10-06,666.0
6222,2026-10-06,882.0
6223,2026-10-06,1946.0
6224,2026-10-06,1143.0
6225,,
6226,2026-10-06,2258.0
6227,2026-10-06,8900.0
6228,2026-10-06,700.0
6229,2026-10-06,1482.0
6230,2026-10-06,2142.0
6231,2026-10-06,12310.0
6232,2026-10-06,1306.0
6233,2026-10-05,396.0
6235,2026-10-06,2944.0
6237,2026-10-06,4145.0
6238,2026-10-06,1430.0
6239,2026-10-06,1412.0
6240,2026-10-06,505.0
6245,2026-10-06,1819.0
6246,2026-10-06,1794.0
6247,2026-10-06,1616.0
6248,2026-10-06,1780.0
6249,2026-10-06,2687.0
624A,,
6250,2026-10-06,4400.0
6254,2026-10-06,3775.0
6255,2026-10-06,769.0
6257,2026-10-06,999.0
6258,2026-10-06,4190.0
6262,2026-10-06,528.0
6264,2026-10-06,2217.0
6265,2026-10-06,3185.0
6266,2026-10-06,4415.0
6267,2026-10-05,4290.0
6268,2026-10-06,4975.0
6269,2026-10-06,8821.0
6272,2026-10-06,1476.0
6273,2026-10-06,75500.0
6276,2026-10-06,345.0
6277,2026-10-06,6660.0
6278,2026-10-06,16950.0
6279,2026-10-06,918.0
6282,2026-10-06,2793.0
6284,2026-10-06,8420.0
6286,2026-10-06,1489.0
6287,2026-10-06,2624.0
6289,2026-10-06,1984.0
6291,2026-10-06,1344.0
6292,2026-10-06,826.0
6293,,
6294,2026-10-06,1909.0
6297,,
6298,2026-10-06,1269.0
6301,2026-10-06,7734.0
6302,2026-10-06,6244.0
6305,2026-10-06,5701.0
6306,2026-10-06,1012.0
6307,2026-10-06,451.0
6309,2026-10-06,1936.0
6310,2026-10-06,1905.0
6312,,
6315,2026-10-06,2566.0
6316,2026-10-06,2846.0
6317,2026-10-06,2480.0
6322,2026-10-06,1587.0
6323,2026-10-06,4485.0
6324,2026-10-06,6560.0
6325,2026-10-06,420.0
6326,2026-10-06,2717.5
6327,2026-10-06,3340.0
6328,2026-10-06,2507.0
6330,2026-10-06,2607.0
6331,2026-10-06,3040.0
6332,2026-10-06,2625.0
6333,2026-10-06,3595.0
6334,2026-10-06,494.0
6335,2026-10-06,577.0
6336,2026-10-06,1714.0
6337,2026-10-06,4060.0
6338,2026-10-06,1793.0
6339,2026-10-06,1141.0
6340,2026-10-06,5790.0
6342,2026-10-06,2849.0
6343,2026-10-06,151.0
6345,2026-10-06,1441.0
6346,2026-10-06,5590.0
6347,2026-10-06,245.0
6349,2026-10-06,1990.0
634A,2026-10-06,2706.0
6351,2026-10-06,2622.0
6356,2026-10-06,1384.0
6357,2026-10-06,2618.0
6358,2026-10-06,2071.0
6360,2026-10-05,4880.0
6361,2026-10-06,4824.0
6363,2026-10-06,3005.0
6364,2026-10-06,2524.0
6365,2026-10-06,5600.0
6366,2026-10-06,674.0
6367,2026-10-06,20805.0
6368,2026-10-06,2740.5
6369,2026-10-06,2329.0
6370,2026-10-06,8001.0
6371,2026-10-06,2664.0
6373,,
6376,2026-10-06,3875.0
6378,2026-10-06,1162.0
6379,2026-10-06,966.0
6380,2026-10-06,3520.0
6381,2026-10-06,1864.0
6382,2026-10-06,1209.0
6383,2026-10-06,5890.0
6384,2026-10-06,1725.0
6387,2026-10-06,9610.0
6390,2026-10-06,1293.0
6391,2026-10-06,5070.0
6392,2026-10-06,7520.0
6393,2026-10-06,3005.0
6395,2026-10-06,1358.0
6396,2026-10-05,4670.0
6400,2026-10-06,319.0
6402,2026-10-06,1590.0
6403,,
6405,2026-10-06,1310.0
6406,,
6407,2026-10-06,6060.0
6408,2026-10-05,4175.0
6412,2026-10-06,2005.0
6413,2026-10-06,1021.0
6416,,
6417,2026-10-06,2008.0
6418,2026-10-06,1261.0
6419,2026-10-06,3025.0
6420,2026-10-06,3395.0
6424,2026-10-05,886.0
6425,2026-10-06,666.0
6428,2026-10-06,326.0
6430,2026-10-06,2293.0
6432,2026-10-06,7530.0
6433,2026-10-06,1230.0
6436,2026-10-06,3753.0
6439,,
6440,2026-10-06,837.0
6444,2026-10-06,185.0
6445,2026-10-06,1335.0
6448,2026-10-06,4712.0
6454,2026-10-06,1898.0
6455,2026-10-06,2441.0
6457,2026-10-06,4555.0
6458,2026-10-06,1200.0
6459,2026-10-06,1649.0
6460,2026-10-06,3227.0
6463,2026-10-06,1518.0
6464,2026-10-06,325.0
6465,2026-10-06,5224.0
6466,2026-10-06,4340.0
6467,2026-10-06,345.0
6469,2026-10-06,3060.0
646A,2026-10-06,207.8000030517578
6470,2026-10-06,1167.0
6471,2026-10-06,1121.0
6472,2026-10-06,387.79998779296875
6473,2026-10-06,2180.0
6474,2026-10-06,5920.0
6479,2026-10-06,3918.0
6480,2026-10-06,1955.0
6481,2026-10-06,6832.0
6482,2026-10-06,710.0
6484,2026-10-06,2219.0
6485,2026-10-06,1668.0
6486,2026-09-30,3005.0
6488,2026-10-06,1043.0
6489,,
6490,2026-10-06,12360.0
6492,2026-10-06,15470.0
6493,2026-10-06,487.0
6494,2026-10-06,99.0
6495,2026-10-06,105.0
6496,2026-10-06,5760.0
6497,2026-10-05,1472.0
6498,2026-10-06,2144.0
6501,2026-10-06,5661.0
6503,2026-10-06,5319.0
6504,2026-10-06,15295.0
6505,2026-10-06,2360.0
6506,2026-10-06,4923.0
6507,2026-10-06,14390.0
6508,2026-10-06,12060.0
6513,2026-10-06,1312.0
6516,2026-10-06,5770.0
6517,2026-10-06,3965.0
6518,2026-10-06,1742.0
6521,2026-10-06,3490.0
6522,2026-10-06,1190.0
6523,2026-10-06,1602.0
6524,2026-10-06,5960.0
6525,2026-10-06,10270.0
6526,2026-10-06,2231.5
6532,2026-10-06,8085.0
6533,2026-10-06,2017.0
6535,2026-10-06,483.0
6537,2026-10-06,303.0
6538,2026-10-06,238.0
6539,2026-10-06,964.0
6540,2026-10-06,1494.0
6542,,
6543,2026-10-06,1184.0
6544,2026-10-06,1484.5
6545,2026-10-06,771.0
6546,2026-10-05,1180.0
6547,2026-10-06,2060.0
6548,2026-10-06,122.0
6549,2026-10-06,1118.0
6550,,
6551,2026-10-06,610.0
6552,2026-10-06,171.0
6554,2026-10-06,1082.0
6555,2026-10-06,421.0
6557,2026-10-06,652.0
6558,2026-10-06,674.0
6560,2026-10-06,1819.0
6561,2026-10-06,826.0
6562,2026-10-06,1001.0
6563,2026-10-06,448.0
6564,2026-10-06,1995.0
6565,,
6566,2026-10-06,1249.0
6568,2026-10-06,1224.0
6570,2026-10-06,4440.0
6571,2026-10-06,1250.0
6572,2026-10-06,267.0
6573,2026-10-06,25.0
6574,2026-10-06,126.0
6577,2026-10-06,1301.0
6578,2026-10-06,488.0
6579,2026-10-06,341.0
6580,2026-10-06,840.0
6584,2026-10-06,775.0
6586,2026-10-06,5352.0
6588,2026-10-06,2862.0
6590,2026-10-06,4315.0
6592,2026-10-06,1765.0
6594,2026-10-06,2201.0
6597,2026-10-06,3790.0
6599,2026-10-06,4535.0
6612,2026-10-06,580.0
6613,2026-10-06,2354.0
6614,2026-10-06,911.0
6615,2026-10-06,231.0
6616,2026-10-06,2031.0
6617,2026-10-06,7710.0
6619,2026-10-06,150.0
6620,2026-10-06,625.0
6622,2026-10-06,2898.0
6623,,
6625,2026-10-06,328.0
6626,2026-10-06,2570.0
6627,2026-10-06,2621.0
6629,2026-10-06,1042.0
6630,2026-10-06,771.0
6632,2026-10-06,1025.5
6633,2026-10-06,310.0
6634,2026-10-06,69.0
6635,2026-10-06,660.0
6637,2026-10-06,4190.0
6638,2026-10-06,2270.0
6643,2026-10-06,5780.0
6644,2026-10-06,1454.0
6645,2026-10-06,6487.0
6647,2026-10-06,3510.0
6648,2026-10-06,1663.0
6651,2026-10-06,4485.0
6652,2026-10-06,4120.0
6653,2026-10-06,2127.0
6654,2026-10-06,1098.0
6655,,
6656,2026-10-06,817.0
6658,2026-10-06,461.0
6659,2026-10-06,43.0
6662,2026-10-06,231.0
6663,2026-10-06,310.0
6664,2026-10-06,263.0
6666,2026-10-06,853.0
6668,2026-10-06,4980.0
6670,,
6674,2026-10-06,5683.0
6675,2026-10-06,2063.0
6676,2026-10-06,3465.0
6677,2026-10-06,3140.0
6678,2026-10-06,1979.0
6694,2026-10-06,830.0
6695,,
6696,2026-10-06,304.0
6699,2026-10-06,484.0
6701,2026-10-06,4924.0
6702,2026-10-06,4043.0
6703,2026-10-06,2735.0
6706,2026-10-06,3320.0
6707,2026-10-06,7178.0
6718,2026-10-06,2711.0
6721,2026-10-06,66.0
6723,2026-10-06,3913.0
6724,2026-10-06,3343.0
6727,2026-10-06,850.0
6728,2026-10-06,8390.0
6730,2026-10-06,1709.0
6731,2026-10-06,99.0
6734,,
6736,2026-10-06,9430.0
6737,2026-10-06,3190.0
6740,2026-10-06,44.0
6741,2026-10-06,1816.0
6742,2026-10-06,1193.0
6743,2026-10-06,1067.0
6744,2026-10-06,3940.0
6745,2026-10-06,1971.0
6748,2026-10-06,773.0
6750,2026-10-06,1998.0
6752,2026-10-06,4783.0
6753,2026-10-06,633.5999755859375
6754,2026-10-06,3679.0
6755,,
6757,2026-10-06,926.0
6758,2026-10-06,3757.0
6762,2026-10-06,3634.0
6763,2026-10-06,2894.0
6768,2026-10-06,989.0
6769,2026-10-06,1311.0
6770,2026-10-06,2231.5
6771,2026-10-06,673.0
6772,2026-10-05,1030.0
6775,2026-10-06,141.0
6776,2026-10-06,296.0
6777,2026-10-06,25300.0
6778,2026-10-06,623.0
6779,2026-10-06,3645.0
6785,2026-10-06,3525.0
6786,2026-10-06,45.0
6787,2026-10-06,27470.0
6788,2026-10-06,5280.0
6794,2026-10-06,3490.0
6797,2026-10-06,1203.0
6798,2026-10-06,3440.0
6800,2026-10-06,4945.0
6803,2026-10-06,97.0
6804,2026-10-06,2435.0
6806,2026-10-06,26090.0
6807,2026-10-06,2776.0
6809,2026-10-06,1749.0
6810,2026-10-06,2660.0
6814,2026-10-06,8060.0
6817,2026-10-06,1297.0
6819,2026-10-06,471.0
6820,2026-10-06,3495.0
6822,2026-10-06,4990.0
6823,2026-10-06,3490.0
6824,2026-10-06,3925.0
6832,2026-10-06,2863.0
6834,2026-10-06,7190.0
6835,2026-10-06,268.0
6836,2026-10-06,875.0
6837,2026-10-06,437.0
6838,2026-10-06,1460.0
6840,2026-10-06,876.0
6841,2026-10-06,4721.0
6844,2026-10-06,3135.0
6845,2026-10-06,1472.0
6846,,
6848,2026-10-06,842.0
6849,2026-10-06,1611.5
6850,2026-10-06,1803.0
6853,2026-10-06,798.0
6855,2026-10-06,8730.0
6856,2026-10-06,26310.0
6857,2026-10-06,41110.0
6858,2026-10-06,890.0
6859,2026-10-06,4295.0
6861,2026-10-06,81440.0
6862,2026-10-06,5240.0
6863,2026-10-06,1109.0
6864,2026-10-06,1615.0
6866,2026-10-06,11890.0
6867,2026-10-06,410.0
6869,2026-10-06,1872.5
6870,2026-10-06,2118.0
6871,2026-10-06,15210.0
6874,2026-10-06,2342.0
6875,2026-10-06,11370.0
6877,2026-10-06,6230.0
6879,,
6882,2026-10-06,1195.0
6888,2026-10-06,528.0
6890,2026-10-06,12130.0
6894,2026-10-06,2154.0
6897,2026-10-06,552.0
6898,2026-10-06,4985.0
6899,2026-10-06,2190.0
6901,,
6902,2026-10-06,1849.0
6904,2026-10-06,910.0
6905,2026-10-06,1520.0
6907,2026-10-06,816.0
6908,2026-10-06,2888.0
6912,2026-10-06,2882.0
6914,2026-10-06,3410.0
6915,2026-10-06,3585.0
6918,2026-10-06,4455.0
6919,2026-10-06,1413.0
6920,2026-10-06,46280.0
6923,2026-10-06,3527.0
6925,2026-10-06,4328.0
6926,2026-10-06,193.0
6927,2026-10-06,995.0
6928,2026-10-06,3430.0
6929,2026-10-06,3735.0
6930,,
6932,2026-10-06,2499.0
6937,,
6941,2026-10-06,10220.0
6942,2026-10-06,1411.0
6943,2026-10-06,6340.0
6946,2026-10-06,7260.0
6947,2026-10-06,5450.0
6951,2026-10-06,8189.0
6952,2026-10-06,2276.5
6954,2026-10-06,6209.0
6955,2026-10-06,414.0
6957,,
6958,2026-10-06,823.0
6960,2026-10-06,11780.0
6961,2026-10-06,11930.0
6962,2026-10-06,883.0
6963,2026-10-06,5380.0
6964,2026-10-06,701.0
6965,2026-10-06,2493.5
6966,2026-10-06,945.0
6969,2026-10-06,1235.0
6971,2026-10-06,3839.0
6973,,
6976,2026-10-06,10765.0
6977,2026-10-06,1896.0
6981,2026-10-06,8914.0
6982,2026-10-05,579.0
6986,2026-10-06,710.0
6988,2026-10-06,3594.0
6989,2026-10-06,2330.0
6993,2026-10-06,90.0
6994,2026-10-06,1395.0
6995,2026-10-06,3060.0
6996,2026-10-06,2710.0
6997,2026-10-06,2446.0
6998,2026-10-06,4235.0
6999,2026-10-06,2564.0
7003,2026-10-06,4130.0
7004,2026-10-06,1159.0
7011,2026-10-06,3788.0
7012,2026-10-06,2340.5
7013,2026-10-06,2705.0
7014,2026-10-06,4620.0
7018,2026-10-06,13080.0
7021,2026-10-06,2451.0
7022,2026-10-06,335.0
7030,2026-10-06,976.0
7031,2026-10-06,750.0
7033,2026-10-06,1585.0
7034,2026-10-06,302.0
7035,2026-10-06,218.0
7036,2026-10-06,656.0
7037,2026-10-06,800.0
7038,2026-10-06,573.0
7039,2026-10-06,1376.0
7040,2026-10-06,955.0
7041,2026-10-06,322.0
7042,2026-10-06,673.0
7043,2026-10-06,941.0
7044,2026-10-06,605.0
7046,2026-10-06,1320.0
7047,2026-10-06,2132.0
7048,2026-10-06,142.0
7049,2026-10-06,755.0
7050,2026-10-06,1454.0
7057,2026-10-06,910.0
7058,2026-10-06,2992.0
7059,2026-10-06,926.0
7060,2026-10-06,596.0
7061,2026-10-06,481.0
7062,2026-10-06,695.0
7063,2026-10-06,55.0
7064,2026-10-06,999.0
7065,2026-10-06,951.0
7066,2026-10-06,436.0
7067,2026-10-05,1090.0
7068,2026-10-06,575.0
7069,2026-10-06,485.0
7071,2026-10-06,382.0
7072,2026-10-06,1106.0
7073,2026-10-06,2385.0
7074,2026-10-06,188.0
7075,2026-10-05,1002.0
7076,,
7077,2026-10-06,1000.0
7078,2026-10-06,340.0
7079,2026-10-06,2592.0
7080,2026-10-06,900.0
7081,2026-10-06,1299.0
7082,2026-09-30,1688400000.0
7083,2026-10-06,1320.0
7084,2026-10-06,2817.0
7085,2026-10-06,918.0
7087,2026-10-06,1360.0
7088,,
7089,2026-10-06,1560.0
7090,2026-10-06,895.0
7091,2026-10-06,1178.0
7092,,
7093,2026-10-06,630.0
7094,2026-10-06,1836.0
7095,2026-10-06,1119.0
7096,2026-10-06,753.0
7097,2026-10-06,2778.0
7102,2026-10-06,3515.0
7105,,
7110,2026-10-06,1790.0
7111,2026-10-06,592.0
7112,2026-10-06,561.0
7114,2026-10-06,801.0
7115,2026-10-06,1430.0
7116,,
7118,,
7119,2026-10-06,1840.0
7120,2026-10-06,984.0
7122,2026-10-06,2365.0
7126,2026-10-06,1446.0
7127,2026-10-06,688.0
7128,2026-10-06,2955.0
7129,2026-10-06,1112.0
7130,2026-10-06,2650.0
7131,2026-10-06,3700.0
7133,2026-10-06,2105.0
7134,2026-10-06,1457.0
7135,2026-10-06,172.0
7138,2026-10-06,143.0
7140,2026-10-06,799.0
7148,2026-10-06,1597.0
7150,2026-10-06,510.0
7157,2026-10-06,1492.0
7161,2026-10-06,681.0
7162,2026-10-06,298.0
7163,,
7164,2026-10-06,3015.0
7167,2026-10-06,1719.5
7172,2026-10-06,2129.0
7173,2026-10-06,1719.0
7175,2026-10-06,1944.0
7177,2026-10-06,1170.0
7180,2026-10-06,1750.0
7181,2026-10-06,1718.5
7182,2026-10-06,3465.0
7183,2026-10-06,256.0
7184,2026-10-06,3770.0
7185,2026-10-06,3685.0
7186,2026-10-06,1930.5
7187,2026-10-06,1331.0
7189,2026-10-06,5020.0
7191,2026-10-06,1145.0
7192,2026-10-06,673.0
7196,2026-10-06,739.0
7198,2026-10-06,778.0
7199,2026-10-06,2109.0
7201,2026-10-06,285.29998779296875
7202,2026-10-06,2059.5
7203,2026-10-06,2921.0
7205,,
7208,2026-10-06,1215.0
7211,2026-10-06,347.29998779296875
7212,2026-10-06,729.0
7213,2026-10-06,647.0
7214,2026-10-06,1129.0
7215,2026-10-06,416.0
7217,2026-10-06,454.0
7218,2026-10-06,1135.0
7219,2026-10-05,2435.0
7220,2026-10-06,3190.0
7222,2026-10-06,916.0
7224,2026-10-06,1882.0
7226,2026-10-06,2149.0
7227,,
7228,2026-10-06,4005.0
7229,,
7231,2026-10-06,3035.0
7235,2026-10-06,1539.0
7236,2026-10-06,1505.0
7238,2026-10-06,105.0
7239,2026-10-06,2310.0
7240,2026-09-30,3029.0
7241,2026-10-06,1048.0
7242,2026-10-06,1572.0
7244,2026-10-06,560.0
7245,2026-10-06,1298.0
7246,2026-10-06,986.0
7247,2026-10-06,363.0
7250,,
7254,2026-10-06,795.0
7255,2026-09-30,530.0
7256,2026-10-06,481.0
7259,2026-10-06,2202.5
7261,2026-10-06,1085.5
7264,2026-10-06,1329.0
7265,2026-10-06,3540.0
7266,2026-10-06,959.0
7267,2026-10-06,1681.0
7269,2026-10-06,1990.0
7270,2026-10-06,2523.0
7271,2026-10-06,812.0
7272,2026-10-06,1783.0
7273,2026-10-06,575.0
7276,2026-10-06,2739.5
7277,2026-10-06,325.0
7278,2026-10-06,5730.0
7279,2026-10-06,2505.0
7280,2026-10-06,1317.0
7282,2026-10-06,1059.0
7283,2026-10-06,2161.0
7284,2026-10-06,1169.0
7287,2026-10-06,2821.0
7291,2026-10-06,451.0
7292,2026-10-06,6820.0
7294,2026-10-06,844.0
7296,2026-10-06,4080.0
7297,2026-10-06,865.0
7299,2026-10-06,1742.0
7305,2026-10-06,2680.0
7309,2026-10-06,17485.0
7313,2026-10-06,1756.0
7314,2026-10-06,1345.0
7317,,
7318,2026-10-06,1316.0
7320,2026-10-06,1402.0
7322,2026-10-06,2271.0
7325,2026-10-06,701.0
7326,2026-10-06,2064.0
7327,2026-10-06,2755.0
7337,2026-10-06,2419.0
7343,2026-10-06,1305.0
7345,2026-10-06,939.0
7347,2026-10-06,809.0
7350,2026-10-06,7960.0
7351,2026-10-06,473.0
7352,2026-10-06,298.0
7353,2026-10-06,513.0
7354,2026-10-06,362.0
7356,2026-10-06,114.0
7357,2026-10-06,1709.0
7358,2026-10-06,1830.0
7359,2026-10-06,253.0
7360,2026-10-06,614.0
7361,2026-10-06,1189.0
7362,2026-10-05,868.0
7363,2026-10-06,1417.0
7366,2026-10-06,2000.0
7367,2026-10-06,329.0
7368,2026-10-06,1711.0
7369,2026-10-06,390.0
7370,2026-10-06,715.0
7371,2026-10-06,800.0
7372,2026-10-06,431.0
7373,2026-10-06,868.0
7374,2026-10-06,1494.0
7375,2026-10-06,1266.0
7376,2026-10-06,689.0
7377,2026-10-06,1713.0
7378,2026-10-06,1573.0
7380,2026-10-06,2902.0
7381,2026-10-06,1374.0
7383,2026-10-06,377.0
7384,2026-10-06,5950.0
7388,2026-10-06,2259.0
7389,2026-10-06,2032.0
7399,2026-10-06,621.0
7408,,
7409,2026-10-06,1495.0
7412,2026-10-06,311.0
7413,2026-10-06,3000.0
7414,2026-10-06,1366.0
7416,2026-10-06,673.0
7417,2026-10-06,1735.0
7419,2026-10-06,1251.0
7420,,
7421,2026-10-06,1461.0
7422,2026-10-06,567.0
7425,2026-10-06,1111.0
7426,2026-09-30,240288784.0
7427,2026-10-06,823.0
7433,2026-10-06,1874.0
7434,2026-10-06,1763.0
7435,2026-10-06,1378.0
7438,2026-10-06,1637.0
7441,,
7442,2026-10-06,471.0
7443,2026-10-06,679.0
7444,2026-10-05,1976.0
7445,,
7446,2026-10-05,4350.0
7447,2026-10-06,1720.0
7450,,
7451,,
7453,2026-10-06,4374.0
7455,,
7456,2026-10-06,6660.0
7458,2026-10-06,1755.5
7459,2026-10-06,2951.0
7460,2026-10-06,1677.0
7461,2026-10-06,473.0
7462,2026-10-06,381.0
7463,2026-10-06,936.0
7464,2026-10-05,1505.0
7466,2026-10-06,1455.0
7467,,
7472,2026-10-06,3770.0
7475,2026-10-06,3770.0
7476,2026-10-06,2472.0
7477,2026-10-06,1640.0
7480,2026-10-06,3800.0
7481,2026-10-06,2515.0
7482,2026-10-06,1431.0
7483,2026-10-06,2995.0
7485,,
7486,2026-10-05,827.0
7487,2026-10-06,1879.0
7488,,
7490,2026-10-06,2191.0
7494,2026-10-06,230.0
7500,2026-10-06,11290.0
7501,2026-10-06,1404.0
7502,2026-10-06,1665.0
7504,2026-10-06,4375.0
7505,2026-10-06,1963.0
7506,2026-10-06,1372.0
7508,2026-10-06,1389.0
7509,2026-10-05,4700.0
7510,2026-10-06,2867.0
7512,2026-10-06,844.0
7513,2026-10-06,1469.0
7514,2026-10-06,853.0
7515,2026-10-06,4560.0
7516,2026-10-06,4340.0
7520,2026-10-06,2475.0
7521,2026-10-05,2700.0
7522,2026-10-06,865.0
7523,2026-10-06,1876.0
7524,2026-10-06,180.0
7525,2026-10-06,3520.0
7527,2026-10-06,47.0
7531,2026-10-05,1309.0
7532,2026-10-06,686.9000244140625
7537,2026-10-06,1935.0
7538,2026-10-06,386.0
7539,2026-10-06,773.0
7544,2026-10-06,559.0
7545,2026-10-06,1934.0
7550,2026-10-06,11035.0
7551,2026-10-06,668.0
7552,2026-10-06,5100.0
7554,2026-10-06,1144.0
7555,2026-10-06,736.0
7561,2026-10-06,674.0
7562,2026-10-06,3740.0
7564,2026-10-06,5270.0
7565,2026-10-05,7190.0
7567,2026-10-06,643.0
7570,2026-10-06,1354.0
7571,2026-10-06,82.0
7575,2026-10-06,1469.0
7578,2026-10-06,66.0
7581,2026-10-06,6760.0
7585,2026-10-06,408.0
7590,2026-10-06,398.0
7593,2026-10-06,504.0
7595,2026-10-06,1226.0
7596,2026-10-06,2118.0
7599,2026-10-06,1164.0
7600,2026-10-06,625.0
7601,2026-10-06,165.0
7602,2026-10-06,168.0
7603,2026-10-06,34.0
7604,2026-10-06,910.0
7606,2026-10-06,2402.0
7607,2026-10-06,3015.0
7608,2026-10-06,962.0
7609,2026-10-06,4540.0
7610,2026-10-06,136.0
7611,2026-10-06,2927.0
7613,2026-10-06,1644.0
7614,2026-10-06,1541.0
7615,2026-10-06,94.0
7616,2026-10-06,1956.5
7619,2026-10-06,996.0
7621,2026-10-06,3215.0
7623,,
7624,2026-10-06,179.0
7625,2026-10-06,443.0
7628,2026-10-06,1145.0
7630,2026-10-06,1048.0
7634,2026-10-06,5100.0
7635,,
7636,2026-10-06,792.0
7637,2026-10-06,3560.0
7638,2026-10-06,1358.0
7640,2026-10-06,199.0
7643,2026-10-06,1614.0
7646,2026-10-06,1751.0
7649,2026-10-06,1230.0
7670,2026-10-06,1226.0
7673,2026-10-05,1722.0
7674,2026-10-06,2764.0
7675,,
7677,2026-10-05,2750.0
7678,2026-10-06,3645.0
7679,2026-10-06,1558.0
7681,2026-10-05,984.0
7682,2026-10-06,3725.0
7683,2026-10-06,1403.0
7685,2026-10-06,2791.0
7686,2026-10-06,436.0
7687,2026-10-06,481.0
7689,2026-10-06,355.0
7692,2026-10-06,76.0
7694,2026-10-06,655.0
7695,2026-10-06,860.0
7698,2026-10-06,2724.0
7701,2026-10-06,4103.0
7702,2026-10-06,450.0
7707,2026-10-06,220.0
7709,2026-09-30,40.0
7711,2026-10-06,5000.0
7713,2026-10-06,2710.0
7715,2026-10-06,4435.0
7716,2026-10-06,1537.0
7717,2026-10-06,6910.0
7719,2026-10-06,502.0
7721,2026-10-06,7270.0
7722,2026-10-06,752.0
7723,2026-10-06,2865.0
7725,2026-10-06,1845.0
7726,2026-10-06,1498.0
7727,2026-10-06,964.0
7729,2026-10-06,20340.0
7730,2026-10-06,1475.0
7731,2026-10-06,1931.0
7732,,
7733,2026-10-06,1982.5
7734,2026-10-06,3610.0
7735,2026-10-06,16005.0
7739,,
7740,2026-10-06,1456.0
7741,2026-10-06,24955.0
7743,2026-10-06,793.0
7744,2026-10-06,1982.0
7745,2026-10-06,2985.0
7746,2026-10-06,920.0
7747,2026-10-06,3433.0
7749,2026-10-06,2729.0
7751,2026-10-06,4616.0
7752,2026-10-06,1675.5
7760,2026-10-06,2176.0
7762,2026-10-06,2473.0
7769,2026-10-06,3775.0
7771,2026-10-06,252.0
7774,2026-10-06,836.0
7775,2026-10-06,416.0
7776,2026-10-06,219.0
7777,2026-10-06,435.0
7779,2026-10-06,223.0
7780,2026-10-06,1817.0
7781,2026-10-06,893.0
7782,2026-10-06,509.0
7790,,
7791,2026-10-06,812.0
7792,2026-10-06,1476.0
7793,2026-10-06,1602.0
7794,2026-10-06,1073.0
7795,2026-10-06,205.0
7800,2026-10-06,969.0
7803,2026-10-06,461.0
7804,2026-10-06,2554.0
7805,2026-10-06,704.0
7806,2026-10-06,9200.0
7807,2026-10-06,880.0
7808,2026-10-06,2675.0
7809,2026-10-06,1330.0
7810,2026-10-06,152.0
7811,2026-10-06,2260.0
7812,2026-10-05,2095.0
7813,2026-10-06,923.0
7814,2026-10-06,631.0
7815,2026-10-06,338.0
7817,,
7818,2026-10-06,1183.0
7819,2026-10-06,930.0
7820,2026-10-06,675.0
7821,2026-10-06,1938.0
7822,2026-10-06,249.0
7823,2026-10-06,768.0
7826,2026-10-06,11700.0
7827,2026-10-06,1785.0
7831,2026-10-06,67.0
7832,2026-10-06,5714.0
7833,2026-10-06,688.0
7836,2026-10-06,73.0
7837,2026-10-06,351.0
7839,2026-10-06,2237.0
7840,2026-10-06,1285.0
7841,2026-10-06,1080.0
7844,2026-10-06,518.0
7846,2026-10-06,2124.5
7847,2026-10-06,716.0
7849,2026-10-06,3030.0
7850,2026-10-06,795.0
7851,2026-09-30,170.0
7856,2026-10-06,2036.0
7857,2026-10-06,1287.0
7859,2026-10-06,261.0
7860,2026-10-06,1226.0
7863,2026-10-05,948.0
7864,2026-10-06,3390.0
7865,2026-10-06,329.0
7867,2026-10-06,4156.0
7868,2026-10-06,524.0
7870,,
7871,2026-10-06,1007.0
7872,2026-10-06,612.0
7874,2026-10-06,963.0
7875,2026-10-06,909.0
7877,2026-10-06,2188.0
7878,2026-10-06,1005.0
7879,2026-10-06,674.0
7883,2026-10-06,455.0
7885,2026-10-06,1067.0
7886,2026-10-06,566.0
7887,2026-10-06,1469.0
7888,2026-10-06,920.0
7893,2026-10-06,1048.0
7894,,
7896,2026-10-06,500.0
7897,2026-10-06,116.0
7898,2026-10-06,925.0
7901,2026-10-06,988.0
7902,2026-10-06,1110.0
7906,2026-10-06,2402.0
7908,2026-10-06,240.0
7911,2026-10-06,2434.0
7912,2026-10-06,3032.0
7914,2026-10-06,1685.0
7915,2026-10-06,1091.0
7916,2026-10-06,1899.0
7917,2026-10-06,1215.0
7918,2026-10-06,105.0
7919,2026-10-06,216.0
7921,2026-10-06,4110.0
7922,,
7923,,
7925,,
7927,2026-10-06,2348.0
7928,2026-10-06,616.0
7931,2026-10-06,3610.0
7932,2026-10-06,11230.0
7936,2026-10-06,4440.0
7937,2026-10-06,2419.0
7938,2026-10-06,2091.0
7939,2026-10-05,600.0
7940,,
7942,2026-10-06,3030.0
7943,2026-10-06,2811.0
7944,2026-10-06,3685.0
7946,2026-09-30,322.0
7947,2026-10-06,2729.0
7949,2026-10-06,2744.0
7950,,
7951,2026-10-06,1212.5
7952,2026-10-06,3495.0
7953,2026-10-06,401.0
7955,2026-10-06,900.0
7956,2026-10-06,2031.5
7957,2026-10-06,2001.0
7958,,
7962,2026-10-06,776.0
7963,2026-10-06,1800.0
7965,2026-10-06,1423.0
7966,2026-10-06,5990.0
7970,2026-10-06,2493.0
7971,2026-10-06,657.0
7972,2026-10-06,2433.0
7974,2026-10-06,7812.0
7975,2026-10-06,1175.0
7976,2026-10-06,3445.0
7979,2026-10-06,2276.0
7980,2026-10-06,853.0
7981,2026-10-06,3020.0
7983,2026-10-06,1193.0
7984,2026-10-06,855.9000244140625
7985,2026-09-30,704.0
7986,2026-10-06,1924.0
7987,2026-10-06,542.0
7988,2026-10-06,2441.0
7989,2026-10-06,2617.0
7990,2026-10-06,2344.0
7991,2026-10-06,1056.0
7992,2026-10-06,101.0
7994,2026-10-06,2208.0
7995,2026-10-06,7410.0
7997,2026-10-06,1165.0
7999,,
8001,2026-10-06,2181.5
8002,2026-10-06,4788.0
8005,2026-10-06,1732.0
8006,2026-10-06,1491.0
8007,2026-10-06,775.0
8008,2026-10-06,2153.0
8011,2026-10-06,1300.0
8012,2026-10-06,1200.0
8013,2026-10-06,375.0
8014,2026-10-06,4155.0
8015,2026-10-06,7400.0
8016,2026-10-06,704.0
8018,2026-10-06,848.0
8020,2026-10-06,2265.0
8022,2026-10-06,4355.0
8023,2026-10-06,1032.0
8025,2026-10-06,1446.0
8029,2026-10-06,2735.0
8030,2026-10-06,3900.0
8031,2026-10-06,4946.0
8032,2026-10-06,1255.0
8035,2026-10-06,12735.0
8037,2026-10-06,4705.0
8039,2026-10-06,3490.0
8040,2026-10-06,1049.0
8041,2026-10-06,4310.0
8043,2026-10-06,1451.0
8045,2026-10-05,2014.0
8046,2026-10-06,938.0
8050,2026-10-06,11140.0
8051,2026-10-06,1994.0
8052,2026-10-06,2997.0
8053,2026-10-06,1733.5
8056,2026-10-06,4678.0
8057,2026-10-06,2217.0
8058,2026-10-06,4713.0
8059,2026-10-06,3520.0
8060,2026-10-06,3728.0
8061,2026-10-06,3020.0
8065,2026-10-06,2953.0
8066,2026-10-06,3490.0
8070,2026-10-06,1009.0
8071,,
8074,2026-10-06,6100.0
8075,2026-10-06,3065.0
8076,2026-10-06,2050.0
8077,2026-10-06,210.0
8078,2026-10-06,1855.0
8079,2026-10-06,4280.0
8081,2026-10-06,2644.0
8084,2026-10-06,2467.0
8085,2026-10-06,4575.0
8086,2026-10-06,1321.0
8088,2026-10-06,1994.5
8089,2026-10-06,1927.0
8091,2026-10-06,2310.0
8093,2026-10-06,1768.0
8095,2026-10-06,544.0
8097,2026-10-06,2367.0
8098,2026-10-06,4360.0
8101,2026-10-06,2473.0
8103,2026-10-06,1006.0
8104,2026-10-06,786.0
8105,2026-10-06,68.0
8107,2026-10-06,31.0
8111,2026-10-06,2109.5
8113,2026-10-06,928.0
8115,2026-10-06,1328.0
8117,2026-10-06,2156.0
8118,2026-10-05,1167.0
8119,2026-10-06,780.0
8123,2026-10-06,1390.0
8125,2026-10-06,1894.0
8127,2026-10-06,514.0
8129,2026-10-06,3687.0
8130,2026-10-06,3130.0
8131,2026-10-06,2358.0
8132,2026-10-06,7360.0
8133,2026-10-06,2226.0
8135,2026-10-06,428.0
8136,2026-10-06,1195.5
8137,2026-10-06,4785.0
8138,2026-10-06,4220.0
8139,2026-10-06,2265.0
8141,2026-10-06,1565.0
8142,2026-10-06,1387.0
8143,2026-10-06,153.0
8144,2026-10-06,1251.0
8145,,
8147,2026-10-06,1422.0
8150,2026-10-06,3360.0
8151,2026-10-06,1896.0
8152,2026-10-06,7360.0
8153,2026-10-06,3770.0
8154,2026-10-06,5510.0
8157,2026-10-06,4295.0
8158,2026-10-06,1316.0
8159,2026-10-06,4310.0
8160,2026-10-06,2276.0
8163,2026-10-06,1381.0
8165,2026-10-06,100.0
8166,2026-10-06,78.0
8167,2026-10-06,1423.0
8173,2026-10-06,4265.0
8174,2026-10-06,937.7999877929688
8179,2026-10-06,1283.0
8181,2026-10-06,972.0
8185,2026-10-06,988.0
8190,,
8194,2026-10-06,2576.0
8198,2026-10-06,3305.0
8200,2026-10-06,2280.0
8202,2026-10-06,149.0
8203,2026-10-06,724.0
8207,2026-10-06,290.0
8208,,
8209,,
8214,2026-10-06,1678.0
8217,2026-10-06,771.0
8218,2026-10-06,3765.0
8219,2026-10-06,721.0
8225,2026-10-05,3645.0
8226,2026-10-06,390.0
8227,2026-10-06,3258.0
8228,,
8230,2026-10-06,300.0
8233,2026-10-06,2123.5
8237,2026-10-06,2172.0
8242,2026-10-06,2793.5
8244,2026-10-06,1886.0
8247,2026-10-06,342.0
8252,2026-10-06,2744.0
8254,2026-10-06,336.0
8255,2026-10-06,1272.0
8260,2026-10-06,380.0
8267,2026-10-06,1226.5
8273,2026-10-06,941.0
8275,2026-10-06,1047.0
8276,2026-10-06,2530.0
8278,2026-10-06,1970.0
8279,,
8281,2026-10-06,1069.0
8282,2026-10-06,1725.0
8283,,
8285,2026-10-06,812.0
8289,,
8291,2026-10-06,544.0
8303,2026-10-06,1531.0
8304,2026-10-06,3429.0
8306,2026-10-06,3662.0
8308,2026-10-06,2585.5
8309,2026-10-06,1783.5
8316,2026-10-06,3405.0
8331,2026-10-06,2864.0
8334,2026-10-06,3077.0
8336,2026-10-06,2996.0
8337,2026-10-06,2816.0
8338,2026-10-06,852.0
8341,2026-10-06,4181.0
8343,2026-10-06,1987.0
8344,2026-10-06,5720.0
8345,2026-10-06,2766.0
8346,2026-10-06,1151.0
8349,2026-10-06,1624.0
8354,2026-10-06,7961.0
8358,2026-10-06,3005.0
8359,2026-10-06,2841.0
8360,2026-10-06,1578.0
8361,2026-10-06,1909.0
8362,2026-10-06,8430.0
8364,2026-10-06,3305.0
8365,2026-10-06,2362.0
8366,2026-10-06,3125.0
8367,2026-10-06,2059.0
8368,2026-10-06,2695.0
8370,2026-10-06,1786.0
8377,2026-10-06,890.2999877929688
8381,2026-10-06,2629.0
8383,2026-10-06,1934.0
8386,2026-10-06,3295.0
8387,2026-10-06,4700.0
8388,2026-10-06,2277.0
8392,2026-10-06,3380.0
8393,2026-10-06,2974.0
8395,2026-10-06,7190.0
8398,,
8399,2026-10-06,3275.0
8410,2026-10-06,339.1000061035156
8411,2026-10-06,8774.0
8416,2026-10-06,1222.0
8418,2026-10-06,3566.0
8421,2026-10-06,188500.0
8424,2026-10-06,4251.0
8425,2026-10-06,1286.0
8439,2026-10-06,2621.5
8473,2026-10-06,3110.0
8508,2026-10-06,791.0
8511,2026-10-06,2314.0
8515,,
8518,2026-10-06,146.0
8522,2026-10-06,7210.0
8524,2026-10-06,1386.0
8537,2026-10-06,3365.0
8541,2026-10-06,3600.0
8542,2026-10-06,1971.0
8544,2026-10-06,3005.0
8550,2026-10-06,1211.0
8551,2026-10-06,3010.0
8554,,
8558,2026-10-06,1579.0
8559,,
8560,,
8562,2026-10-06,411.0
8563,2026-10-06,1327.0
8566,2026-10-06,6450.0
8570,2026-10-06,1500.5
8572,2026-10-06,457.79998779296875
8584,2026-10-06,3430.0
8585,2026-10-06,788.0
8591,2026-10-06,5865.0
8593,2026-10-06,1310.5
8594,,
8595,2026-10-06,2210.5
8596,2026-10-06,1512.0
8600,2026-10-06,1217.0
8601,2026-10-06,1770.0
8604,2026-10-06,1528.5
8609,2026-10-06,1224.0
8613,2026-10-06,1203.0
8614,2026-10-06,688.0
8616,2026-10-06,890.0
8617,2026-10-06,604.0
8622,2026-10-06,851.0
8624,2026-10-06,1630.0
8628,2026-10-06,1123.0
8630,2026-10-06,6641.0
8697,2026-10-06,2316.0
8698,2026-10-06,689.0
8699,2026-10-06,1128.0
8700,2026-10-06,2061.0
8704,2026-10-06,1385.0
8705,2026-10-06,212.0
8706,2026-10-06,1726.0
8707,2026-10-06,4635.0
8708,2026-10-06,1634.0
8713,2026-10-06,2825.0
8714,2026-10-06,1162.0
8715,2026-10-06,1043.0
8725,2026-10-06,4875.0
8729,2026-10-06,149.60000610351562
8737,2026-10-06,581.0
8739,2026-10-06,2648.0
8742,2026-10-06,576.0
8746,2026-10-06,119.0
8747,2026-10-06,2147.0
8750,2026-10-06,1834.0
8766,2026-10-06,521.2999877929688
8769,2026-10-06,497.0
8771,2026-10-06,1719.0
8772,2026-10-06,924.0
8783,2026-10-06,44.0
8789,2026-10-06,153.0
8793,2026-10-06,4045.0
8795,2026-10-06,4859.0
8798,2026-10-06,71.0
8801,2026-10-06,1423.5
8802,2026-10-06,3476.0
8803,2026-10-06,2237.0
8804,2026-10-06,3202.0
8818,2026-10-06,970.0
8830,2026-10-06,3065.0
8835,2026-10-06,779.0
8836,2026-10-06,26.0
8841,2026-10-06,965.0
8844,2026-10-06,1162.0
8848,2026-10-06,1004.0
8850,2026-10-06,4545.0
8860,2026-10-06,703.0
8864,2026-10-06,908.0
8869,2026-10-06,781.0
8871,2026-10-06,2930.0
8876,2026-10-06,2331.5
8877,2026-10-06,4960.0
8881,2026-10-06,633.0
8887,2026-10-06,358.0
8891,2026-10-06,2108.0
8892,2026-10-06,1048.0
8894,2026-10-06,17.0
8897,2026-10-06,424.0
8898,2026-10-06,1131.0
8904,2026-10-06,825.0
8905,,
8908,2026-10-06,874.0
8912,2026-10-06,156.0
8914,2026-10-06,820.0
8917,2026-10-06,1073.0
8918,2026-10-06,10.0
8919,2026-10-06,3450.0
8920,2026-10-06,665.0
8923,2026-10-06,1654.0
8927,2026-10-06,489.0
8928,2026-10-06,2320.0
8929,2026-10-06,1319.0
8931,2026-10-06,1282.0
8934,2026-10-06,2195.0
8935,2026-10-06,1948.0
8938,2026-10-06,325.0
8940,,
8944,2026-10-06,273.0
8945,2026-10-06,1092.0
8946,2026-10-06,72.0
8995,2026-10-06,1987.0
8996,2026-10-06,1109.0
8999,2026-10-06,553.0
9001,2026-10-06,2767.5
9003,2026-10-06,2469.0
9005,2026-10-06,1583.0
9006,2026-10-06,1512.5
9007,2026-10-06,1699.5
9008,2026-10-06,744.4000244140625
9009,2026-10-06,1290.5
9010,2026-10-06,2623.0
9012,2026-10-05,2088.0
9017,2026-10-06,1984.0
9020,2026-10-06,3303.0
9021,2026-10-06,2855.5
9022,2026-10-06,3595.0
9023,2026-10-06,1426.5
9024,2026-10-06,3532.0
9025,2026-10-06,2769.0
9027,,
9028,2026-10-06,3175.0
9029,2026-10-06,1865.0
9031,2026-10-06,2847.5
9033,2026-10-06,616.0
9034,2026-10-06,1637.0
9035,,
9036,2026-10-06,1192.0
9037,2026-10-06,1790.0
9039,2026-10-06,2950.0
9040,,
9041,2026-10-06,3415.0
9042,2026-10-06,4465.0
9044,2026-10-06,2984.5
9045,2026-10-06,3116.0
9046,2026-10-06,2348.0
9048,2026-10-06,1830.0
9049,2026-10-06,6490.0
9051,2026-10-06,1149.0
9052,2026-10-06,1902.0
9057,2026-10-06,3230.0
9059,2026-10-06,912.0
9060,2026-10-06,4165.0
9063,2026-10-06,4075.0
9064,2026-10-06,1965.5
9065,2026-10-06,1586.0
9066,,
9067,,
9068,2026-10-06,3550.0
9069,2026-10-06,2325.5
9070,,
9072,2026-10-06,4636.0
9073,2026-10-05,1257.0
9074,2026-10-06,2539.0
9075,2026-10-06,6130.0
9076,2026-10-06,2601.0
9081,2026-10-06,3705.0
9082,2026-10-06,2499.0
9083,2026-10-06,1941.0
9085,,
9087,2026-10-05,2050.0
9090,2026-10-06,838.0
9101,2026-10-06,7061.0
9104,2026-10-06,7112.0
9107,2026-10-06,3260.0
9110,2026-10-06,10520.0
9115,2026-10-06,1004.0
9119,2026-10-06,1647.0
9127,2026-10-06,3420.0
9130,2026-10-06,1647.0
9142,2026-10-06,3352.0
9143,2026-10-06,1424.0
9145,2026-10-06,544.0
9147,2026-10-06,5725.0
9158,2026-10-06,775.0
9159,2026-10-06,1855.0
9160,2026-10-06,335.0
9162,2026-10-06,225.0
9163,2026-10-06,2378.0
9165,2026-10-06,1821.0
9166,2026-10-06,654.0
9168,2026-10-06,421.0
9170,,
9171,2026-10-06,1473.0
9173,2026-10-06,2855.0
9193,2026-10-06,864.0
9201,2026-10-06,3005.0
9202,2026-10-06,2923.5
9204,2026-10-06,425.0
9206,2026-10-06,1910.0
9211,2026-10-06,1455.0
9212,2026-10-06,267.0
9213,2026-10-06,1030.0
9214,2026-10-05,1271.0
9215,2026-10-06,1008.0
9216,2026-10-06,1620.0
9218,2026-10-06,812.0
9219,2026-10-06,907.0
9220,2026-10-06,1300.0
9221,2026-10-06,1135.0
9223,2026-10-05,399.0
9225,2026-10-06,969.0
9227,2026-10-06,809.0
9229,2026-10-06,107.0
9233,2026-10-06,1123.0
9235,2026-10-06,394.0
9236,2026-10-06,1522.0
9237,2026-10-06,835.0
9238,2026-10-06,358.0
9240,2026-10-06,375.0
9241,2026-10-06,1251.0
9242,2026-10-05,1990.0
9244,2026-10-06,1095.0
9245,2026-10-06,2046.0
9246,2026-10-06,2194.0
9247,2026-10-06,1791.0
9248,2026-10-06,1560.0
9249,2026-10-06,1592.0
9250,2026-10-06,1369.0
9251,2026-10-06,1534.0
9252,2026-10-06,4285.0
9253,2026-10-06,723.0
9254,2026-10-06,1011.0
9256,2026-10-06,956.0
9258,2026-10-06,294.0
9259,2026-10-06,823.0
9262,2026-10-06,673.0
9264,2026-10-06,1616.0
9265,2026-10-05,3565.0
9267,2026-10-06,3425.0
9268,2026-10-06,415.0
9270,2026-10-06,1902.0
9271,2026-10-06,995.0
9272,2026-10-06,1522.0
9273,2026-10-06,773.0
9274,2026-10-06,1122.0
9275,,
9278,2026-10-06,2918.0
9279,2026-10-06,2096.0
9301,2026-10-06,1458.0
9302,2026-10-06,3271.0
9303,2026-10-06,4120.0
9304,2026-10-06,2139.0
9305,2026-10-06,2026.0
9306,2026-10-06,2000.0
9307,2026-10-06,979.0
9308,2026-10-06,2269.0
9310,2026-10-06,1379.0
9311,2026-10-06,7450.0
9312,2026-10-06,3090.0
9313,2026-10-05,1047.0
9319,2026-10-06,1764.0
9322,2026-10-06,2325.0
9324,2026-10-06,2570.0
9325,2026-10-06,1039.0
9326,2026-10-06,478.0
9327,2026-10-06,186.0
9330,2026-10-06,887.0
9331,2026-10-06,671.0
9332,2026-10-06,653.0
9336,2026-10-06,3655.0
9337,2026-10-06,1456.0
9338,,
9339,2026-10-06,1495.0
9340,2026-10-06,812.0
9341,2026-10-06,607.0
9342,2026-10-06,874.0
9343,2026-10-06,783.0
9344,2026-10-06,1466.0
9345,2026-10-06,581.0
9346,2026-10-06,1835.0
9347,2026-10-06,2842.0
9348,2026-10-06,403.0
9351,2026-10-06,1901.0
9353,2026-10-05,3000.0
9355,2026-10-06,2211.0
9357,,
9359,,
9360,2026-10-06,2790.0
9361,2026-10-05,1990.0
9362,2026-10-06,3940.0
9363,2026-10-06,522.0
9364,2026-10-06,4688.0
9365,2026-10-05,1613.0
9366,2026-10-06,1246.0
9367,2026-10-06,2009.0
9368,2026-10-06,918.0
9369,2026-10-06,2892.0
9376,2026-10-06,784.0
9377,,
9380,2026-10-06,447.0
9381,2026-10-06,2217.0
9385,2026-10-06,739.0
9388,,
9401,2026-10-06,5970.0
9402,,
9404,2026-10-06,2849.0
9405,2026-10-06,801.0
9407,,
9408,2026-10-05,2662.0
9409,2026-10-06,2997.0
9412,2026-10-06,1975.0
9413,2026-10-06,3245.0
9414,2026-10-06,959.0
9416,2026-10-06,1010.0
9417,2026-10-06,338.0
9418,2026-10-06,1777.0
9419,2026-10-06,300.0
9421,2026-10-06,540.0
9423,2026-10-06,104.0
9424,2026-10-06,122.0
9425,2026-10-06,258.0
9428,2026-10-06,1427.0
9432,2026-10-06,170.10000610351562
9433,2026-10-06,2882.0
9434,2026-10-06,239.8000030517578
9435,2026-10-06,36410.0
9436,2026-10-06,4145.0
9438,2026-10-06,616.0
9439,2026-10-06,219.0
9441,2026-10-06,3030.0
9444,2026-10-06,263.0
9445,2026-10-06,533.0
9446,2026-10-06,675.0
9449,2026-10-06,3935.0
9450,2026-10-06,747.0
9466,2026-10-06,238.0
9467,2026-10-06,1044.0
9468,2026-10-06,3692.0
9470,2026-10-06,1009.0
9471,,
9474,2026-10-06,898.0
9475,2026-10-06,532.0
9476,2026-10-05,987.0
9478,2026-10-06,498.0
9479,,
9501,2026-10-06,520.2999877929688
9502,2026-10-06,2601.0
9503,2026-10-06,2573.5
9504,2026-10-06,981.0
9505,2026-10-06,1060.0
9506,2026-10-06,1247.0
9507,2026-10-06,2072.5
9508,2026-10-05,1943.5
9509,2026-10-06,1077.5
9511,2026-10-06,1143.0
9513,2026-10-06,3948.0
9514,2026-10-06,340.0
9517,2026-10-06,792.0
9519,2026-10-06,817.0
9531,2026-10-06,6027.0
9532,2026-10-06,5616.0
9533,2026-10-06,1233.5
9534,2026-10-06,840.0
9535,2026-10-06,416.0
9536,2026-10-06,2408.0
9537,2026-10-06,4205.0
9539,2026-10-06,1300.0
9543,2026-10-06,1288.0
9551,2026-10-06,3180.0
9552,2026-10-06,1090.0
9553,2026-10-06,622.0
9554,2026-10-06,1821.0
9556,2026-10-06,2547.0
9557,2026-10-06,262.0
9558,2026-10-06,1973.0
9560,2026-10-06,870.0
9561,2026-10-06,428.0
9562,2026-10-06,581.0
9563,2026-10-06,356.0
9564,2026-10-06,559.0
9565,2026-10-06,641.0
9600,,
9601,2026-10-06,10760.0
9602,2026-10-06,1566.0
9603,2026-10-06,1077.0
9605,2026-10-06,5850.0
9610,2026-10-06,107.0
9612,2026-10-06,1234.0
9613,,
9616,2026-10-06,3198.0
9619,2026-10-06,2680.0
9621,2026-10-06,3320.0
9622,2026-10-06,1398.0
9625,2026-10-06,910.0
9627,2026-10-06,5291.0
9628,2026-10-06,1297.0
9629,2026-10-06,1555.0
9632,2026-10-06,4775.0
9633,2026-10-06,1692.0
9635,2026-10-05,2539.0
9636,2026-10-06,4225.0
9639,2026-10-06,2277.0
9640,2026-10-06,1940.0
9643,,
9644,2026-10-06,681.0
9647,2026-10-06,6800.0
9651,2026-10-06,1945.0
9656,2026-10-06,601.0
9658,2026-10-06,1147.0
9661,2026-10-06,4080.0
9663,2026-10-06,4795.0
9664,,
9672,2026-10-06,4695.0
9678,2026-10-06,5350.0
9679,2026-10-06,2067.0
9682,2026-10-06,1088.0
9684,2026-10-06,2845.5
9685,2026-10-06,578.0
9686,2026-10-06,1643.0
9687,2026-10-06,1505.0
9691,2026-10-05,5160.0
9692,2026-10-06,2220.0
9696,,
9697,2026-10-06,4436.0
9698,2026-10-06,1272.0
9699,2026-10-06,4250.0
9701,2026-10-06,4555.0
9702,2026-10-06,2433.0
9704,2026-10-06,27.0
9706,2026-10-06,5405.0
9708,2026-10-06,943.0
9709,2026-10-06,1225.0
9713,2026-10-06,911.0
9715,2026-10-06,3410.0
9716,2026-10-06,1190.0
9719,,
9720,2026-10-05,6500.0
9722,2026-10-06,3060.0
9723,2026-10-06,634.0
9726,2026-10-06,2019.0
9729,2026-10-06,2543.0
9731,2026-10-06,3340.0
9733,2026-10-06,2226.0
9735,2026-10-06,6288.0
9739,2026-10-06,2598.0
9740,2026-10-06,2622.0
9742,2026-10-06,2295.0
9743,2026-10-06,1381.0
9744,2026-10-06,3240.0
9746,2026-10-06,4025.0
9753,2026-10-06,1433.0
9755,2026-10-06,2784.0
9757,2026-10-06,1160.0
9759,2026-10-06,2951.5
9760,2026-10-06,116.0
9761,2026-10-06,2355.0
9763,2026-10-06,1240.0
9765,2026-10-06,1169.0
9766,2026-10-06,22035.0
9767,2026-10-06,1755.0
9768,2026-10-06,3650.0
9769,2026-10-06,2503.0
9776,,
9778,2026-10-06,5540.0
9780,2026-10-06,1120.0
9782,2026-10-06,3215.0
9787,,
9788,2026-10-06,503.0
9790,2026-10-06,3030.0
9791,2026-10-05,1164.0
9793,2026-10-06,3600.0
9795,2026-10-06,2184.0
9799,2026-10-06,940.0
9812,2026-10-06,238.0
9816,2026-10-06,248.0
9818,2026-10-06,1550.0
9820,2026-10-06,3850.0
9823,2026-10-06,978.0
9824,2026-10-06,8310.0
9827,2026-10-06,650.0
9828,2026-10-06,3330.0
9830,2026-10-06,2377.0
9831,2026-10-06,711.4000244140625
9832,2026-10-06,1522.0
9835,2026-10-06,510.0
9837,2026-10-06,1815.0
9842,2026-10-06,1849.0
9843,2026-10-06,3156.0
9845,2026-10-06,1345.0
9846,2026-10-06,981.0
9849,2026-10-05,4460.0
9850,2026-10-06,926.0
9853,2026-10-06,904.0
9854,2026-10-06,269.0
9856,2026-10-06,1179.0
9857,2026-10-06,2583.0
9861,2026-10-06,3664.0
9867,2026-10-05,10500.0
9869,2026-10-06,6590.0
9872,2026-10-06,965.0
9876,2026-10-06,224.0
9878,2026-10-06,382.0
9880,2026-10-06,3970.0
9882,2026-10-06,1629.0
9885,2026-10-06,335.0
9887,2026-10-06,5080.0
9888,2026-10-06,1208.0
9889,2026-10-06,1710.0
9890,2026-10-06,1408.0
9895,2026-10-06,1250.0
9896,2026-10-06,1343.0
9900,2026-10-06,1014.0
9902,2026-10-06,3245.0
9903,2026-10-06,899.0
9904,2026-10-06,232.0
9906,2026-10-06,4030.0
9908,2026-10-06,2854.0
9913,2026-10-06,3730.0
9914,2026-09-18,736.0
9927,,
9928,2026-10-06,2112.0
9929,2026-10-06,470.0
9930,2026-10-06,386.0
9932,2026-10-06,1337.0
9934,2026-10-06,3165.0
9936,2026-10-06,2844.0
9941,2026-10-06,1072.0
9942,,
9946,2026-10-06,1780.0
9948,2026-10-06,3525.0
9950,2026-10-06,3335.0
9955,2026-10-06,2714.0
9956,2026-10-06,1620.0
9959,2026-10-06,914.0
9960,2026-10-06,4225.0
9962,2026-10-06,4106.0
9969,2026-10-06,234.0
9972,2026-10-06,286.0
9973,2026-10-06,19.0
9974,2026-10-06,6490.0
9976,2026-10-06,1060.0
9978,2026-10-06,45.0
9979,2026-10-06,1007.0
9980,2026-10-06,90.0
9982,2026-10-06,2772.0
9983,2026-10-06,75360.0
9984,2026-10-06,6317.0
9986,2026-10-06,2486.0
9987,2026-10-06,2611.5
9989,2026-10-06,3538.0
9990,2026-10-06,747.0
9991,2026-10-06,1752.0
9993,2026-10-06,1144.0
9994,2026-10-06,2002.0
9996,2026-10-06,2019.0
9997,2026-10-06,1036.0
